Workbook

Sheet База кормів
A1: 🏷️ ОСНОВНА ІНФОРМАЦІЯ | J1: 📊 АНАЛІТИЧНИЙ СКЛАД (as fed) | O1: 📊 СКЛАД (на суху речовину DM) | S1: 🧪 ІНГРЕДІЄНТИ / БІЛОК | W1: 💊 ВІТАМІНИ | AF1: ⚗️ МІНЕРАЛИ (форма + засвоєння) | BC1: 📝 ІНШЕ
A2: ID | B2: Бренд | C2: Лінійка | D2: Назва корму | E2: Тип | F2: Для кого | G2: Призначення | H2: ккал/кг | I2: URL джерела | J2: Білок % (as fed) | K2: Жир % (as fed) | L2: Клітковина % (as fed) | M2: Зола % (as fed) | N2: Вологість % | O2: Білок % (DM) | P2: Жир % (DM) | Q2: Клітковина % (DM) | R2: Зола % (DM) | S2: Повний склад | T2: Джерело білка 1 | U2: Джерело білка 2 | V2: Джерело білка 3 | W2: Віт A (МО/кг) | X2: Віт D3 (МО/кг) | Y2: Віт E (мг/кг) | Z2: Віт C (мг/кг) | AA2: Таурин (мг/кг) | AB2: B1 (мг/кг) | AC2: B2 (мг/кг) | AD2: B6 (мг/кг) | AE2: B12 (мкг/кг) | AF2: Zn загальний (мг/кг) | AG2: Zn форма 1 | AH2: Zn % форми 1 | AI2: Zn форма 2 | AJ2: Zn % форми 2 | AK2: Zn засвоєння % | AL2: Fe загальний (мг/кг) | AM2: Fe форма 1 | AN2: Fe % форми 1 | AO2: Fe форма 2 | AP2: Fe % форми 2 | AQ2: Fe засвоєння % | AR2: Cu загальний (мг/кг) | AS2: Cu форма 1 | AT2: Cu % форми 1 | AU2: Cu засвоєння % | AV2: Mn загальний (мг/кг) | AW2: Mn форма 1 | AX2: Mn % форми 1 | AY2: Mn засвоєння % | AZ2: Se (мг/кг) | BA2: Se форма | BB2: Se засвоєння % | BC2: I (мг/кг) | BD2: Примітки
A3: rc_sterilised37_dry_cat | B3: Royal Canin | C3: Sterilised | D3: Sterilised 37 (сухий) | E3: сухий | F3: кіт | G3: стерилізовані | H3: 363 | I3: https://www.royalcanin.com/ua/cats/products/retail-products/sterilised-37-dry | J3: 37 | K3: 12 | L3: 6.2 | M3: 8.2 | N3: 5.5 | O3: =IF(J3="","",ROUND(J3/(1-N3/100),1)) | P3: =IF(K3="","",ROUND(K3/(1-N3/100),1)) | Q3: =IF(L3="","",ROUND(L3/(1-N3/100),1)) | R3: =IF(M3="","",ROUND(M3/(1-N3/100),1)) | S3: Дегідратовані протеїни м'яса птиці, кукурудза, ізолят рослинних протеїнів (L.I.P.), рослинна клітковина, тваринні жири, гідролізат білків тваринного походження, рис, пшениця, буряковий жом, кукурудзяний глютен, дріжджі та їх частки, мінеральні речовини, риб'ячий жир, фруктоолігосахариди, соєва олія | T3: дегідратовані протеїни м'яса птиці | U3: ізолят рослинних протеїнів (L.I.P.) | V3: гідролізат білків тваринного походження | W3: 19000 | X3: 1000 | AF3: 122 | AG3: оксид цинку / сульфат цинку | AK3: =IF(AF3="","",IF(AH3="",IFERROR(VLOOKUP(AG3,Довідник_мінералів!$A:$B,2,0),"-"),ROUND(IFERROR(VLOOKUP(AG3,Довідник_мінералів!$A:$B,2,0),0)*AH3/100+IFERROR(VLOOKUP(AI3,Довідник_мінералів!$A:$B,2,0),0)*AJ3/100,0))) | AL3: 31 | AM3: сульфат заліза(II) | AQ3: =IF(AL3="","",IF(AN3="",IFERROR(VLOOKUP(AM3,Довідник_мінералів!$A:$B,2,0),"-"),ROUND(IFERROR(VLOOKUP(AM3,Довідник_мінералів!$A:$B,2,0),0)*AN3/100+IFERROR(VLOOKUP(AO3,Довідник_мінералів!$A:$B,2,0),0)*AP3/100,0))) | AR3: 10 | AS3: сульфат міді | AU3: =IF(AR3="","",IFERROR(VLOOKUP(AS3,Довідник_мінералів!$A:$B,2,0),"-")) | AV3: 41 | AW3: оксид марганцю | AY3: =IF(AV3="","",IFERROR(VLOOKUP(AW3,Довідник_мінералів!$A:$B,2,0),"-")) | AZ3: 0.05 | BA3: селеніт натрію | BB3: =IF(SE3="","",IFERROR(VLOOKUP(BA3,Довідник_мінералів!$A:$B,2,0),"-")) | BC3: 3.1 | BD3: L-карнітин: 100 мг; амоній хлорид: 5 г; вологість: 5.5%
A4: rc_kitten_dry_cat | B4: Royal Canin | C4: Kitten | D4: Kitten (сухий) | E4: сухий | F4: кіт | G4: кошенята 4-12 міс | H4: 400 | I4: https://www.royalcanin.com/ua/cats/products/retail-products/kitten-dry | J4: 36 | K4: 18 | L4: 2.3 | M4: 7.8 | N4: 5.5 | O4: =IF(J4="","",ROUND(J4/(1-N4/100),1)) | P4: =IF(K4="","",ROUND(K4/(1-N4/100),1)) | Q4: =IF(L4="","",ROUND(L4/(1-N4/100),1)) | R4: =IF(M4="","",ROUND(M4/(1-N4/100),1)) | S4: Дегідратовані протеїни м'яса птиці, рис, пшеничний глютен (L.I.P.), тваринні жири, кукурудзяне борошно, гідролізат протеїнів тваринного походження, пшеничне борошно, кукурудзяний глютен, дріжджові продукти, буряковий жом, рослинна клітковина, мінеральні речовини, соєва олія, риб'ячий жир, оболонка та насіння подорожника, фруктоолігосахариди, гідролізат дріжджів (МОС та бета-глюкани), олія водоростей Шізохітріум (ДГК), борошно чорнобривців прямостоячих | T4: дегідратовані протеїни м'яса птиці | U4: пшеничний глютен (L.I.P.) | V4: гідролізат протеїнів тваринного походження | W4: 21000 | X4: 800 | Y4: 600 | AF4: 126 | AG4: оксид цинку / сульфат цинку | AK4: =IF(AF4="","",IF(AH4="",IFERROR(VLOOKUP(AG4,Довідник_мінералів!$A:$B,2,0),"-"),ROUND(IFERROR(VLOOKUP(AG4,Довідник_мінералів!$A:$B,2,0),0)*AH4/100+IFERROR(VLOOKUP(AI4,Довідник_мінералів!$A:$B,2,0),0)*AJ4/100,0))) | AL4: 32 | AM4: сульфат заліза(II) | AQ4: =IF(AL4="","",IF(AN4="",IFERROR(VLOOKUP(AM4,Довідник_мінералів!$A:$B,2,0),"-"),ROUND(IFERROR(VLOOKUP(AM4,Довідник_мінералів!$A:$B,2,0),0)*AN4/100+IFERROR(VLOOKUP(AO4,Довідник_мінералів!$A:$B,2,0),0)*AP4/100,0))) | AR4: 10 | AS4: сульфат міді | AU4: =IF(AR4="","",IFERROR(VLOOKUP(AS4,Довідник_мінералів!$A:$B,2,0),"-")) | AV4: 42 | AW4: оксид марганцю | AY4: =IF(AV4="","",IFERROR(VLOOKUP(AW4,Довідник_мінералів!$A:$B,2,0),"-")) | AZ4: 0.05 | BA4: селеніт натрію | BB4: =IF(SE4="","",IFERROR(VLOOKUP(BA4,Довідник_мінералів!$A:$B,2,0),"-")) | BC4: 3.2 | BD4: Містить ДГК з водоростей; вологість 5.5%; кальцій 1.2%
A5: rc_fit32_dry_cat | B5: Royal Canin | C5: Fit | D5: Fit 32 (сухий) | E5: сухий | F5: кіт | G5: здоровий дорослий | H5: 389 | I5: https://www.royalcanin.com/ua/cats/products/retail-products/fit-32-dry | J5: 32 | K5: 15 | L5: 4.6 | M5: 7.2 | N5: 5.5 | O5: =IF(J5="","",ROUND(J5/(1-N5/100),1)) | P5: =IF(K5="","",ROUND(K5/(1-N5/100),1)) | Q5: =IF(L5="","",ROUND(L5/(1-N5/100),1)) | R5: =IF(M5="","",ROUND(M5/(1-N5/100),1)) | S5: Дегідратовані протеїни м'яса птиці, рис, пшениця, кукурудза, тваринні жири, дегідратовані протеїни свинини, рослинна клітковина, пшеничне борошно, гідролізат білків тваринного походження, кукурудзяний глютен, дріжджі та їх частки, буряковий жом, соєва олія, риб'ячий жир, мінеральні речовини, оболонка та насіння подорожника, гідролізат дріжджів (МОС), екстракт чорнобривців (лютеїн) | T5: дегідратовані протеїни м'яса птиці | U5: дегідратовані протеїни свинини | V5: гідролізат білків тваринного походження | W5: 13000 | X5: 700 | AF5: 136 | AG5: оксид цинку / сульфат цинку | AK5: =IF(AF5="","",IF(AH5="",IFERROR(VLOOKUP(AG5,Довідник_мінералів!$A:$B,2,0),"-"),ROUND(IFERROR(VLOOKUP(AG5,Довідник_мінералів!$A:$B,2,0),0)*AH5/100+IFERROR(VLOOKUP(AI5,Довідник_мінералів!$A:$B,2,0),0)*AJ5/100,0))) | AL5: 35 | AM5: сульфат заліза(II) | AQ5: =IF(AL5="","",IF(AN5="",IFERROR(VLOOKUP(AM5,Довідник_мінералів!$A:$B,2,0),"-"),ROUND(IFERROR(VLOOKUP(AM5,Довідник_мінералів!$A:$B,2,0),0)*AN5/100+IFERROR(VLOOKUP(AO5,Довідник_мінералів!$A:$B,2,0),0)*AP5/100,0))) | AR5: 11 | AS5: сульфат міді | AU5: =IF(AR5="","",IFERROR(VLOOKUP(AS5,Довідник_мінералів!$A:$B,2,0),"-")) | AV5: 45 | AW5: оксид марганцю | AY5: =IF(AV5="","",IFERROR(VLOOKUP(AW5,Довідник_мінералів!$A:$B,2,0),"-")) | AZ5: 0.09 | BA5: селеніт натрію | BB5: =IF(SE5="","",IFERROR(VLOOKUP(BA5,Довідник_мінералів!$A:$B,2,0),"-")) | BC5: 3.5 | BD5: амоній хлорид: 5 г; для котів з помірною активністю
A6: rc_indoor_dry_cat | B6: Royal Canin | C6: Indoor | D6: Indoor (сухий) | E6: сухий | F6: кіт | G6: здоровий дорослий indoor | H6: 352 | I6: https://www.royalcanin.com/ua/cats/products/retail-products/indoor-dry | J6: 27 | K6: 13 | L6: 4 | M6: 7.3 | N6: 5.5 | O6: =IF(J6="","",ROUND(J6/(1-N6/100),1)) | P6: =IF(K6="","",ROUND(K6/(1-N6/100),1)) | Q6: =IF(L6="","",ROUND(L6/(1-N6/100),1)) | R6: =IF(M6="","",ROUND(M6/(1-N6/100),1)) | S6: Дегідратовані протеїни м'яса птиці, рис, пшениця, кукурудза, рослинна клітковина, тваринні жири, гідролізат білків тваринного походження, кукурудзяний глютен, дріжджі та їх частки, буряковий жом, мінеральні речовини, соєва олія, риб'ячий жир, оболонка та насіння подорожника, гідролізат дріжджів (МОС), екстракт чорнобривців (лютеїн) | T6: дегідратовані протеїни м'яса птиці | U6: гідролізат білків тваринного походження | V6: кукурудзяний глютен | X6: 700 | AF6: 164 | AG6: оксид цинку / сульфат цинку | AK6: =IF(AF6="","",IF(AH6="",IFERROR(VLOOKUP(AG6,Довідник_мінералів!$A:$B,2,0),"-"),ROUND(IFERROR(VLOOKUP(AG6,Довідник_мінералів!$A:$B,2,0),0)*AH6/100+IFERROR(VLOOKUP(AI6,Довідник_мінералів!$A:$B,2,0),0)*AJ6/100,0))) | AL6: 42 | AM6: сульфат заліза(II) | AQ6: =IF(AL6="","",IF(AN6="",IFERROR(VLOOKUP(AM6,Довідник_мінералів!$A:$B,2,0),"-"),ROUND(IFERROR(VLOOKUP(AM6,Довідник_мінералів!$A:$B,2,0),0)*AN6/100+IFERROR(VLOOKUP(AO6,Довідник_мінералів!$A:$B,2,0),0)*AP6/100,0))) | AR6: 13 | AS6: сульфат міді | AU6: =IF(AR6="","",IFERROR(VLOOKUP(AS6,Довідник_мінералів!$A:$B,2,0),"-")) | AV6: 55 | AW6: оксид марганцю | AY6: =IF(AV6="","",IFERROR(VLOOKUP(AW6,Довідник_мінералів!$A:$B,2,0),"-")) | AZ6: 0.09 | BA6: селеніт натрію | BB6: =IF(SE6="","",IFERROR(VLOOKUP(BA6,Довідник_мінералів!$A:$B,2,0),"-")) | BC6: 4.2 | BD6: Для котів що живуть у приміщенні; виведення грудочок шерсті
A7: rc_urinary_care_dry_cat | B7: Royal Canin | C7: Urinary Care | D7: Urinary Care (сухий) | E7: сухий | F7: кіт | G7: МКХ профілактика | H7: 376 | I7: https://www.royalcanin.com/ua/cats/products/retail-products/urinary-care-1800 | J7: 33 | K7: 13 | L7: 5 | M7: 6.6 | N7: 5.5 | O7: =IF(J7="","",ROUND(J7/(1-N7/100),1)) | P7: =IF(K7="","",ROUND(K7/(1-N7/100),1)) | Q7: =IF(L7="","",ROUND(L7/(1-N7/100),1)) | R7: =IF(M7="","",ROUND(M7/(1-N7/100),1)) | S7: Дегідратовані протеїни м'яса птиці (L.I.P.), рис, кукурудза, пшениця, тваринні жири, гідролізат білків тваринного походження, кукурудзяний глютен, дріжджі та їх частки, буряковий жом, рослинна клітковина, мінеральні речовини, риб'ячий жир, соєва олія, оболонка та насіння подорожника, фруктоолігосахариди, гідролізат дріжджів (МОС), екстракт чорнобривців (лютеїн) | T7: дегідратовані протеїни м'яса птиці (L.I.P.) | U7: гідролізат білків тваринного походження | V7: кукурудзяний глютен | W7: 20500 | X7: 700 | AF7: 109 | AG7: оксид цинку / сульфат цинку | AK7: =IF(AF7="","",IF(AH7="",IFERROR(VLOOKUP(AG7,Довідник_мінералів!$A:$B,2,0),"-"),ROUND(IFERROR(VLOOKUP(AG7,Довідник_мінералів!$A:$B,2,0),0)*AH7/100+IFERROR(VLOOKUP(AI7,Довідник_мінералів!$A:$B,2,0),0)*AJ7/100,0))) | AL7: 40 | AM7: сульфат заліза(II) | AQ7: =IF(AL7="","",IF(AN7="",IFERROR(VLOOKUP(AM7,Довідник_мінералів!$A:$B,2,0),"-"),ROUND(IFERROR(VLOOKUP(AM7,Довідник_мінералів!$A:$B,2,0),0)*AN7/100+IFERROR(VLOOKUP(AO7,Довідник_мінералів!$A:$B,2,0),0)*AP7/100,0))) | AR7: 12 | AS7: сульфат міді | AU7: =IF(AR7="","",IFERROR(VLOOKUP(AS7,Довідник_мінералів!$A:$B,2,0),"-")) | AV7: 52 | AW7: оксид марганцю | AY7: =IF(AV7="","",IFERROR(VLOOKUP(AW7,Довідник_мінералів!$A:$B,2,0),"-")) | AZ7: 0.07 | BA7: селеніт натрію | BB7: =IF(SE7="","",IFERROR(VLOOKUP(BA7,Довідник_мінералів!$A:$B,2,0),"-")) | BC7: 4 | BD7: pH сечі 6.0-6.5; S/O index; профілактика струвітів та оксалатів
A8: rc_hair_skin_dry_cat | B8: Royal Canin | C8: Hair & Skin | D8: Hair & Skin Care (сухий) | E8: сухий | F8: кіт | G8: шкіра та шерсть | H8: 415 | I8: https://www.royalcanin.com/ua/cats/products/retail-products/hair-skin-care-dry | J8: 33 | K8: 22 | L8: 5 | M8: 6.9 | N8: 5.5 | O8: =IF(J8="","",ROUND(J8/(1-N8/100),1)) | P8: =IF(K8="","",ROUND(K8/(1-N8/100),1)) | Q8: =IF(L8="","",ROUND(L8/(1-N8/100),1)) | R8: =IF(M8="","",ROUND(M8/(1-N8/100),1)) | S8: Дегідратований білок з м'яса свійської птиці (L.I.P.), тваринні жири, пшеничний глютен (L.I.P.), рис, рослинне волокно, кукурудза, гідролізовані тваринні білки, пшениця, дріжджові продукти, кукурудзяне борошно, олія огірковика, мінеральні речовини | T8: дегідратований білок з м'яса свійської птиці (L.I.P.) | U8: пшеничний глютен (L.I.P.) | V8: гідролізовані тваринні білки | W8: 26000 | X8: 700 | AF8: 102 | AG8: оксид цинку / сульфат цинку | AK8: =IF(AF8="","",IF(AH8="",IFERROR(VLOOKUP(AG8,Довідник_мінералів!$A:$B,2,0),"-"),ROUND(IFERROR(VLOOKUP(AG8,Довідник_мінералів!$A:$B,2,0),0)*AH8/100+IFERROR(VLOOKUP(AI8,Довідник_мінералів!$A:$B,2,0),0)*AJ8/100,0))) | AL8: 37 | AM8: сульфат заліза(II) | AQ8: =IF(AL8="","",IF(AN8="",IFERROR(VLOOKUP(AM8,Довідник_мінералів!$A:$B,2,0),"-"),ROUND(IFERROR(VLOOKUP(AM8,Довідник_мінералів!$A:$B,2,0),0)*AN8/100+IFERROR(VLOOKUP(AO8,Довідник_мінералів!$A:$B,2,0),0)*AP8/100,0))) | AR8: 11 | AS8: сульфат міді | AU8: =IF(AR8="","",IFERROR(VLOOKUP(AS8,Довідник_мінералів!$A:$B,2,0),"-")) | AV8: 48 | AW8: оксид марганцю | AY8: =IF(AV8="","",IFERROR(VLOOKUP(AW8,Довідник_мінералів!$A:$B,2,0),"-")) | AZ8: 0.06 | BA8: селеніт натрію | BB8: =IF(SE8="","",IFERROR(VLOOKUP(BA8,Довідник_мінералів!$A:$B,2,0),"-")) | BC8: 3.7 | BD8: Омега-3: 11.5 г/кг; Омега-6: 52.9 г/кг; олія огірковика (GLA)
A9: rc_sensible33_dry_cat | B9: Royal Canin | C9: Sensible | D9: Sensible 33 (сухий) | E9: сухий | F9: кіт | G9: чутливе травлення | H9: 357 | I9: https://www.royalcanin.com/ua/cats/products/retail-products/sensible-33-2521 | J9: 33 | K9: 22 | L9: 1.6 | M9: 7.4 | N9: 5.5 | O9: =IF(J9="","",ROUND(J9/(1-N9/100),1)) | P9: =IF(K9="","",ROUND(K9/(1-N9/100),1)) | Q9: =IF(L9="","",ROUND(L9/(1-N9/100),1)) | R9: =IF(M9="","",ROUND(M9/(1-N9/100),1)) | S9: Дегідратовані протеїни м'яса птиці (L.I.P.), рис, кукурудза, тваринні жири, гідролізат білків тваринного походження, дріжджі та їх частки, пшениця, буряковий жом, кукурудзяний глютен, рослинна клітковина, мінеральні речовини, риб'ячий жир, соєва олія, оболонка та насіння подорожника, фруктоолігосахариди, гідролізат дріжджів (МОС), екстракт чорнобривців (лютеїн) | T9: дегідратовані протеїни м'яса птиці (L.I.P.) | U9: рис | V9: гідролізат білків тваринного походження | W9: 18500 | X9: 1000 | AF9: 150 | AG9: оксид цинку / сульфат цинку | AK9: =IF(AF9="","",IF(AH9="",IFERROR(VLOOKUP(AG9,Довідник_мінералів!$A:$B,2,0),"-"),ROUND(IFERROR(VLOOKUP(AG9,Довідник_мінералів!$A:$B,2,0),0)*AH9/100+IFERROR(VLOOKUP(AI9,Довідник_мінералів!$A:$B,2,0),0)*AJ9/100,0))) | AL9: 38 | AM9: сульфат заліза(II) | AQ9: =IF(AL9="","",IF(AN9="",IFERROR(VLOOKUP(AM9,Довідник_мінералів!$A:$B,2,0),"-"),ROUND(IFERROR(VLOOKUP(AM9,Довідник_мінералів!$A:$B,2,0),0)*AN9/100+IFERROR(VLOOKUP(AO9,Довідник_мінералів!$A:$B,2,0),0)*AP9/100,0))) | AR9: 12 | AS9: сульфат міді | AU9: =IF(AR9="","",IFERROR(VLOOKUP(AS9,Довідник_мінералів!$A:$B,2,0),"-")) | AV9: 50 | AW9: оксид марганцю | AY9: =IF(AV9="","",IFERROR(VLOOKUP(AW9,Довідник_мінералів!$A:$B,2,0),"-")) | AZ9: 0.1 | BA9: селеніт натрію | BB9: =IF(SE9="","",IFERROR(VLOOKUP(BA9,Довідник_мінералів!$A:$B,2,0),"-")) | BC9: 3.8 | BD9: Рис як основне джерело вуглеводів; L.I.P. білки; pH сечі 6.0-6.5
A10: rc_savour_exigent_dry_cat | B10: Royal Canin | C10: Exigent | D10: Savour Exigent (сухий) | E10: сухий | F10: кіт | G10: здоровий дорослий вибагливий | H10: 396 | I10: https://www.royalcanin.com/ua/cats/products/retail-products/savour-exigent-dry | J10: 33 | K10: 16 | L10: 3.1 | M10: 7.2 | N10: 5.5 | O10: =IF(J10="","",ROUND(J10/(1-N10/100),1)) | P10: =IF(K10="","",ROUND(K10/(1-N10/100),1)) | Q10: =IF(L10="","",ROUND(L10/(1-N10/100),1)) | R10: =IF(M10="","",ROUND(M10/(1-N10/100),1)) | S10: Два типи крокет різної текстури: 1) Дегідратовані протеїни м'яса птиці (L.I.P.), рис, пшениця, кукурудза, тваринні жири, гідролізат білків тваринного походження, кукурудзяний глютен, дріжджі та їх частки, буряковий жом 2) Дегідратовані протеїни м'яса птиці (L.I.P.), кукурудза, рис, тваринні жири, кукурудзяний глютен, рослинна клітковина, мінеральні речовини | T10: дегідратовані протеїни м'яса птиці (L.I.P.) | U10: гідролізат білків тваринного походження | V10: кукурудзяний глютен | W10: 14500 | X10: 800 | AF10: 143 | AG10: оксид цинку / сульфат цинку | AK10: =IF(AF10="","",IF(AH10="",IFERROR(VLOOKUP(AG10,Довідник_мінералів!$A:$B,2,0),"-"),ROUND(IFERROR(VLOOKUP(AG10,Довідник_мінералів!$A:$B,2,0),0)*AH10/100+IFERROR(VLOOKUP(AI10,Довідник_мінералів!$A:$B,2,0),0)*AJ10/100,0))) | AL10: 37 | AM10: сульфат заліза(II) | AQ10: =IF(AL10="","",IF(AN10="",IFERROR(VLOOKUP(AM10,Довідник_мінералів!$A:$B,2,0),"-"),ROUND(IFERROR(VLOOKUP(AM10,Довідник_мінералів!$A:$B,2,0),0)*AN10/100+IFERROR(VLOOKUP(AO10,Довідник_мінералів!$A:$B,2,0),0)*AP10/100,0))) | AR10: 11 | AS10: сульфат міді | AU10: =IF(AR10="","",IFERROR(VLOOKUP(AS10,Довідник_мінералів!$A:$B,2,0),"-")) | AV10: 48 | AW10: оксид марганцю | AY10: =IF(AV10="","",IFERROR(VLOOKUP(AW10,Довідник_мінералів!$A:$B,2,0),"-")) | AZ10: 0.08 | BA10: селеніт натрію | BB10: =IF(SE10="","",IFERROR(VLOOKUP(BA10,Довідник_мінералів!$A:$B,2,0),"-")) | BC10: 3.7 | BD10: Два типи крокет: аромат+текстура; амоній хлорид 5 г
A11: rc_sterilised7plus_dry_cat | B11: Royal Canin | C11: Sterilised | D11: Sterilised 7+ (сухий) | E11: сухий | F11: кіт | G11: стерилізовані похилий вік 7-12 років | H11: 341 | I11: https://www.royalcanin.com/ua/cats/products/retail-products/sterilised-7-dry | J11: 34 | K11: 12 | L11: 9.2 | M11: 7.5 | N11: 5.5 | O11: =IF(J11="","",ROUND(J11/(1-N11/100),1)) | P11: =IF(K11="","",ROUND(K11/(1-N11/100),1)) | Q11: =IF(L11="","",ROUND(L11/(1-N11/100),1)) | R11: =IF(M11="","",ROUND(M11/(1-N11/100),1)) | S11: Дегідратовані протеїни м'яса птиці (L.I.P.), ізолят рослинних протеїнів (L.I.P.), кукурудза, рослинна клітковина, пшениця, кукурудзяний глютен, тваринні жири, гідролізат білків тваринного походження, рис, мінеральні речовини, буряковий жом, дріжджі та їх частки, риб'ячий жир, соєва олія, фруктоолігосахариди, оболонка та насіння подорожника, гідролізат із панцира ракоподібних (глюкозамін), екстракт чорнобривців (лютеїн), хрящовий гідролізат (хондроїтин) | T11: дегідратовані протеїни м'яса птиці (L.I.P.) | U11: ізолят рослинних протеїнів (L.I.P.) | V11: гідролізат білків тваринного походження | W11: 17000 | X11: 900 | Z11: 180 | AF11: 136 | AG11: оксид цинку / сульфат цинку | AK11: =IF(AF11="","",IF(AH11="",IFERROR(VLOOKUP(AG11,Довідник_мінералів!$A:$B,2,0),"-"),ROUND(IFERROR(VLOOKUP(AG11,Довідник_мінералів!$A:$B,2,0),0)*AH11/100+IFERROR(VLOOKUP(AI11,Довідник_мінералів!$A:$B,2,0),0)*AJ11/100,0))) | AL11: 35 | AM11: сульфат заліза(II) | AQ11: =IF(AL11="","",IF(AN11="",IFERROR(VLOOKUP(AM11,Довідник_мінералів!$A:$B,2,0),"-"),ROUND(IFERROR(VLOOKUP(AM11,Довідник_мінералів!$A:$B,2,0),0)*AN11/100+IFERROR(VLOOKUP(AO11,Довідник_мінералів!$A:$B,2,0),0)*AP11/100,0))) | AR11: 11 | AS11: сульфат міді | AU11: =IF(AR11="","",IFERROR(VLOOKUP(AS11,Довідник_мінералів!$A:$B,2,0),"-")) | AV11: 45 | AW11: оксид марганцю | AY11: =IF(AV11="","",IFERROR(VLOOKUP(AW11,Довідник_мінералів!$A:$B,2,0),"-")) | AZ11: 0.06 | BA11: селеніт натрію | BB11: =IF(SE11="","",IFERROR(VLOOKUP(BA11,Довідник_мінералів!$A:$B,2,0),"-")) | BC11: 3.5 | BD11: Фосфор 0.73%; EPA/DHA 3.1 г/кг; глюкозамін+хондроїтин; екстракт чаю (поліфеноли)
A12: rc_ageing12_dry_cat | B12: Royal Canin | C12: Sterilised Ageing | D12: Sterilised Ageing 12+ (сухий) | E12: сухий | F12: кіт | G12: стерилізовані похилий вік 12+ років | I12: https://www.royalcanin.com/ua/cats/products/retail-products/sterilised-ageing-12-dry | J12: 30 | K12: 15 | L12: 4.9 | M12: 5.4 | N12: 5.5 | O12: =IF(J12="","",ROUND(J12/(1-N12/100),1)) | P12: =IF(K12="","",ROUND(K12/(1-N12/100),1)) | Q12: =IF(L12="","",ROUND(L12/(1-N12/100),1)) | R12: =IF(M12="","",ROUND(M12/(1-N12/100),1)) | S12: Кукурудза, ізолят рослинних протеїнів (L.I.P.), кукурудзяне борошно, дегідратовані протеїни м'яса птиці, пшениця, кукурудзяний глютен, тваринні жири, рослинна клітковина, гідролізат білків тваринного походження, екстракт цикорію, мінеральні речовини, риб'ячий жир, соєва олія, дріжджі та їх частки, томат (лікопен), фруктоолігосахариди, оболонка та насіння подорожника, гідролізат дріжджів (МОС), гідролізат панцира ракоподібних (глюкозамін), олія огірочника, екстракт чорнобривців (лютеїн), хрящовий гідролізат (хондроїтин) | T12: ізолят рослинних протеїнів (L.I.P.) | U12: дегідратовані протеїни м'яса птиці | V12: гідролізат білків тваринного походження | W12: 19000 | X12: 700 | AF12: 154 | AG12: оксид цинку / сульфат цинку | AK12: =IF(AF12="","",IF(AH12="",IFERROR(VLOOKUP(AG12,Довідник_мінералів!$A:$B,2,0),"-"),ROUND(IFERROR(VLOOKUP(AG12,Довідник_мінералів!$A:$B,2,0),0)*AH12/100+IFERROR(VLOOKUP(AI12,Довідник_мінералів!$A:$B,2,0),0)*AJ12/100,0))) | AL12: 40 | AM12: сульфат заліза(II) | AQ12: =IF(AL12="","",IF(AN12="",IFERROR(VLOOKUP(AM12,Довідник_мінералів!$A:$B,2,0),"-"),ROUND(IFERROR(VLOOKUP(AM12,Довідник_мінералів!$A:$B,2,0),0)*AN12/100+IFERROR(VLOOKUP(AO12,Довідник_мінералів!$A:$B,2,0),0)*AP12/100,0))) | AR12: 12 | AS12: сульфат міді | AU12: =IF(AR12="","",IFERROR(VLOOKUP(AS12,Довідник_мінералів!$A:$B,2,0),"-")) | AV12: 52 | AW12: оксид марганцю | AY12: =IF(AV12="","",IFERROR(VLOOKUP(AW12,Довідник_мінералів!$A:$B,2,0),"-")) | AZ12: 0.07 | BA12: селеніт натрію | BB12: =IF(SE12="","",IFERROR(VLOOKUP(BA12,Довідник_мінералів!$A:$B,2,0),"-")) | BC12: 4 | BD12: Фосфор 0.6%; омега-3 10.9 г/кг; лікопен 6.5 мг/кг; антиоксидантний комплекс
A13: rc_sterilised_wet_gravy_cat | B13: Royal Canin | C13: Sterilised | D13: Sterilised (вологий, соус) | E13: вологий | F13: кіт | G13: стерилізовані | H13: 85 | I13: https://www.royalcanin.com/ua/cats/products/retail-products/sterilised-gravy-wet | J13: 8.9 | K13: 2.6 | L13: 1.4 | M13: 1.5 | N13: 81 | O13: =IF(J13="","",ROUND(J13/(1-N13/100),1)) | P13: =IF(K13="","",ROUND(K13/(1-N13/100),1)) | Q13: =IF(L13="","",ROUND(L13/(1-N13/100),1)) | R13: =IF(M13="","",ROUND(M13/(1-N13/100),1)) | S13: М'ясо та субпродукти тваринного походження, злакові, субпродукти рослинного походження, мінеральні речовини, дріжджі | T13: м'ясо та субпродукти тваринного походження | U13: злакові | V13: субпродукти рослинного походження | X13: 80 | AF13: 9 | AG13: оксид цинку / сульфат цинку | AK13: =IF(AF13="","",IF(AH13="",IFERROR(VLOOKUP(AG13,Довідник_мінералів!$A:$B,2,0),"-"),ROUND(IFERROR(VLOOKUP(AG13,Довідник_мінералів!$A:$B,2,0),0)*AH13/100+IFERROR(VLOOKUP(AI13,Довідник_мінералів!$A:$B,2,0),0)*AJ13/100,0))) | AL13: 3 | AM13: сульфат заліза(II) | AQ13: =IF(AL13="","",IF(AN13="",IFERROR(VLOOKUP(AM13,Довідник_мінералів!$A:$B,2,0),"-"),ROUND(IFERROR(VLOOKUP(AM13,Довідник_мінералів!$A:$B,2,0),0)*AN13/100+IFERROR(VLOOKUP(AO13,Довідник_мінералів!$A:$B,2,0),0)*AP13/100,0))) | AR13: 2.5 | AS13: сульфат міді | AU13: =IF(AR13="","",IFERROR(VLOOKUP(AS13,Довідник_мінералів!$A:$B,2,0),"-")) | AV13: 0.9 | AW13: оксид марганцю | AY13: =IF(AV13="","",IFERROR(VLOOKUP(AW13,Довідник_мінералів!$A:$B,2,0),"-")) | BB13: =IF(SE13="","",IFERROR(VLOOKUP(BA13,Довідник_мінералів!$A:$B,2,0),"-")) | BC13: 0.31 | BD13: вологість 81%; кальцій, фосфор не вказані
A14: rc_kitten_loaf_wet_cat | B14: Royal Canin | C14: Kitten | D14: Kitten Loaf (вологий, паштет) | E14: вологий | F14: кіт | G14: кошенята 4-12 міс | I14: https://www.royalcanin.com/ua/cats/products/retail-products/kitten-loaf-wet | J14: 12.3 | K14: 4.3 | L14: 1 | M14: 2 | N14: 78 | O14: =IF(J14="","",ROUND(J14/(1-N14/100),1)) | P14: =IF(K14="","",ROUND(K14/(1-N14/100),1)) | Q14: =IF(L14="","",ROUND(L14/(1-N14/100),1)) | R14: =IF(M14="","",ROUND(M14/(1-N14/100),1)) | S14: М'ясо та м'ясні субпродукти, злакові, екстракти рослинних протеїнів, субпродукти рослинного походження, мінеральні речовини, вуглеводи, дріжджі, олії та жири | T14: м'ясо та м'ясні субпродукти | U14: екстракти рослинних протеїнів | V14: злакові | X14: 195 | AF14: 9 | AG14: оксид цинку / сульфат цинку | AK14: =IF(AF14="","",IF(AH14="",IFERROR(VLOOKUP(AG14,Довідник_мінералів!$A:$B,2,0),"-"),ROUND(IFERROR(VLOOKUP(AG14,Довідник_мінералів!$A:$B,2,0),0)*AH14/100+IFERROR(VLOOKUP(AI14,Довідник_мінералів!$A:$B,2,0),0)*AJ14/100,0))) | AL14: 2.8 | AM14: сульфат заліза(II) | AQ14: =IF(AL14="","",IF(AN14="",IFERROR(VLOOKUP(AM14,Довідник_мінералів!$A:$B,2,0),"-"),ROUND(IFERROR(VLOOKUP(AM14,Довідник_мінералів!$A:$B,2,0),0)*AN14/100+IFERROR(VLOOKUP(AO14,Довідник_мінералів!$A:$B,2,0),0)*AP14/100,0))) | AR14: 3.4 | AS14: сульфат міді | AU14: =IF(AR14="","",IFERROR(VLOOKUP(AS14,Довідник_мінералів!$A:$B,2,0),"-")) | AV14: 0.8 | AW14: оксид марганцю | AY14: =IF(AV14="","",IFERROR(VLOOKUP(AW14,Довідник_мінералів!$A:$B,2,0),"-")) | BB14: =IF(SE14="","",IFERROR(VLOOKUP(BA14,Довідник_мінералів!$A:$B,2,0),"-")) | BC14: 0.43 | BD14: Паштет для кошенят 4-12 міс; текстура адаптована для молочних зубів
A15: rc_kitten_gravy_wet_cat | B15: Royal Canin | C15: Kitten | D15: Kitten Instinctive (вологий, соус) | E15: вологий | F15: кіт | G15: кошенята 4-12 міс | I15: https://www.royalcanin.com/ua/cats/products/retail-products/kitten-instinctive-gravy-wet | J15: 12 | K15: 4 | L15: 0.7 | M15: 1.7 | N15: 78.2 | O15: =IF(J15="","",ROUND(J15/(1-N15/100),1)) | P15: =IF(K15="","",ROUND(K15/(1-N15/100),1)) | Q15: =IF(L15="","",ROUND(L15/(1-N15/100),1)) | R15: =IF(M15="","",ROUND(M15/(1-N15/100),1)) | S15: М'ясо та субпродукти тваринного походження, екстракти рослинних протеїнів, злакові, субпродукти рослинного походження, мінеральні речовини, олії та жири, дріжджі | T15: м'ясо та субпродукти тваринного походження | U15: екстракти рослинних протеїнів | V15: злакові | AK15: =IF(AF15="","",IF(AH15="",IFERROR(VLOOKUP(AG15,Довідник_мінералів!$A:$B,2,0),"-"),ROUND(IFERROR(VLOOKUP(AG15,Довідник_мінералів!$A:$B,2,0),0)*AH15/100+IFERROR(VLOOKUP(AI15,Довідник_мінералів!$A:$B,2,0),0)*AJ15/100,0))) | AQ15: =IF(AL15="","",IF(AN15="",IFERROR(VLOOKUP(AM15,Довідник_мінералів!$A:$B,2,0),"-"),ROUND(IFERROR(VLOOKUP(AM15,Довідник_мінералів!$A:$B,2,0),0)*AN15/100+IFERROR(VLOOKUP(AO15,Довідник_мінералів!$A:$B,2,0),0)*AP15/100,0))) | AU15: =IF(AR15="","",IFERROR(VLOOKUP(AS15,Довідник_мінералів!$A:$B,2,0),"-")) | AY15: =IF(AV15="","",IFERROR(VLOOKUP(AW15,Довідник_мінералів!$A:$B,2,0),"-")) | BB15: =IF(SE15="","",IFERROR(VLOOKUP(BA15,Довідник_мінералів!$A:$B,2,0),"-")) | BD15: Шматочки у соусі; Ca 0.25%, P 0.21%, Mg 0.02%
A16: rc_mother_babycat_mousse_cat | B16: Royal Canin | C16: Mother & Babycat | D16: Mother & Babycat Ultra Soft Mousse | E16: вологий | F16: кіт | G16: вагітні/годуючі + кошенята до 4 міс | I16: https://www.royalcanin.com/ua/cats/products/retail-products/mother-babycat-ultra-soft-mousse-wet | J16: 10.5 | K16: 5.5 | L16: 0.8 | M16: 1.7 | N16: 78.7 | O16: =IF(J16="","",ROUND(J16/(1-N16/100),1)) | P16: =IF(K16="","",ROUND(K16/(1-N16/100),1)) | Q16: =IF(L16="","",ROUND(L16/(1-N16/100),1)) | R16: =IF(M16="","",ROUND(M16/(1-N16/100),1)) | S16: М'ясо та субпродукти тваринного походження, олії та жири, злакові, молоко та молочні продукти, субпродукти рослинного походження, мінеральні речовини, дріжджі | T16: м'ясо та субпродукти тваринного походження | U16: молоко та молочні продукти | V16: олії та жири | X16: 120 | AF16: 15 | AG16: оксид цинку / сульфат цинку | AK16: =IF(AF16="","",IF(AH16="",IFERROR(VLOOKUP(AG16,Довідник_мінералів!$A:$B,2,0),"-"),ROUND(IFERROR(VLOOKUP(AG16,Довідник_мінералів!$A:$B,2,0),0)*AH16/100+IFERROR(VLOOKUP(AI16,Довідник_мінералів!$A:$B,2,0),0)*AJ16/100,0))) | AL16: 5 | AM16: сульфат заліза(II) | AQ16: =IF(AL16="","",IF(AN16="",IFERROR(VLOOKUP(AM16,Довідник_мінералів!$A:$B,2,0),"-"),ROUND(IFERROR(VLOOKUP(AM16,Довідник_мінералів!$A:$B,2,0),0)*AN16/100+IFERROR(VLOOKUP(AO16,Довідник_мінералів!$A:$B,2,0),0)*AP16/100,0))) | AR16: 3.3 | AS16: сульфат міді | AU16: =IF(AR16="","",IFERROR(VLOOKUP(AS16,Довідник_мінералів!$A:$B,2,0),"-")) | AV16: 1.5 | AW16: оксид марганцю | AY16: =IF(AV16="","",IFERROR(VLOOKUP(AW16,Довідник_мінералів!$A:$B,2,0),"-")) | BB16: =IF(SE16="","",IFERROR(VLOOKUP(BA16,Довідник_мінералів!$A:$B,2,0),"-")) | BC16: 0.4 | BD16: Мус; містить молоко; ДГК для розвитку мозку; вологість 78.7%
A17: rc_babycat_instinctive_wet_cat | B17: Royal Canin | C17: Babycat | D17: Babycat Instinctive (вологий, мус) | E17: вологий | F17: кіт | G17: кошенята до 4 міс + вагітні/годуючі | I17: https://www.royalcanin.com/ua/cats/products/retail-products/babycat-instinctive-wet | J17: 10.5 | K17: 5.5 | L17: 0.9 | M17: 1.9 | N17: 79 | O17: =IF(J17="","",ROUND(J17/(1-N17/100),1)) | P17: =IF(K17="","",ROUND(K17/(1-N17/100),1)) | Q17: =IF(L17="","",ROUND(L17/(1-N17/100),1)) | R17: =IF(M17="","",ROUND(M17/(1-N17/100),1)) | S17: М'ясо і м'ясні субпродукти, злаки, масла і жири, субпродукти рослинного походження, молоко і молочні продукти, мінеральні речовини, дріжджі, вуглеводи | T17: м'ясо і м'ясні субпродукти | U17: молоко і молочні продукти | V17: масла і жири | X17: 130 | AF17: 15 | AG17: оксид цинку / сульфат цинку | AK17: =IF(AF17="","",IF(AH17="",IFERROR(VLOOKUP(AG17,Довідник_мінералів!$A:$B,2,0),"-"),ROUND(IFERROR(VLOOKUP(AG17,Довідник_мінералів!$A:$B,2,0),0)*AH17/100+IFERROR(VLOOKUP(AI17,Довідник_мінералів!$A:$B,2,0),0)*AJ17/100,0))) | AL17: 5 | AM17: сульфат заліза(II) | AQ17: =IF(AL17="","",IF(AN17="",IFERROR(VLOOKUP(AM17,Довідник_мінералів!$A:$B,2,0),"-"),ROUND(IFERROR(VLOOKUP(AM17,Довідник_мінералів!$A:$B,2,0),0)*AN17/100+IFERROR(VLOOKUP(AO17,Довідник_мінералів!$A:$B,2,0),0)*AP17/100,0))) | AR17: 3 | AS17: сульфат міді | AU17: =IF(AR17="","",IFERROR(VLOOKUP(AS17,Довідник_мінералів!$A:$B,2,0),"-")) | AV17: 1.5 | AW17: оксид марганцю | AY17: =IF(AV17="","",IFERROR(VLOOKUP(AW17,Довідник_мінералів!$A:$B,2,0),"-")) | BB17: =IF(SE17="","",IFERROR(VLOOKUP(BA17,Довідник_мінералів!$A:$B,2,0),"-")) | BC17: 0.37 | BD17: Мус для кошенят до 4 міс; містить молоко; вологість 79%
A18: rc_instinctive_gravy_wet_cat | B18: Royal Canin | C18: Instinctive | D18: Instinctive (вологий, соус) | E18: вологий | F18: кіт | G18: здоровий дорослий | I18: https://www.royalcanin.com/ua/cats/products/retail-products/instinctive-gravy-wet | J18: 12 | K18: 2.8 | L18: 0.9 | M18: 1.5 | N18: 79.5 | O18: =IF(J18="","",ROUND(J18/(1-N18/100),1)) | P18: =IF(K18="","",ROUND(K18/(1-N18/100),1)) | Q18: =IF(L18="","",ROUND(L18/(1-N18/100),1)) | R18: =IF(M18="","",ROUND(M18/(1-N18/100),1)) | S18: М'ясо та м'ясні субпродукти, риба та рибні субпродукти, екстракти рослинних протеїнів, злакові, субпродукти рослинного походження, мінеральні речовини, вуглеводи | T18: м'ясо та м'ясні субпродукти | U18: риба та рибні субпродукти | V18: екстракти рослинних протеїнів | X18: 35 | AF18: 9 | AG18: оксид цинку / сульфат цинку | AK18: =IF(AF18="","",IF(AH18="",IFERROR(VLOOKUP(AG18,Довідник_мінералів!$A:$B,2,0),"-"),ROUND(IFERROR(VLOOKUP(AG18,Довідник_мінералів!$A:$B,2,0),0)*AH18/100+IFERROR(VLOOKUP(AI18,Довідник_мінералів!$A:$B,2,0),0)*AJ18/100,0))) | AL18: 3 | AM18: сульфат заліза(II) | AQ18: =IF(AL18="","",IF(AN18="",IFERROR(VLOOKUP(AM18,Довідник_мінералів!$A:$B,2,0),"-"),ROUND(IFERROR(VLOOKUP(AM18,Довідник_мінералів!$A:$B,2,0),0)*AN18/100+IFERROR(VLOOKUP(AO18,Довідник_мінералів!$A:$B,2,0),0)*AP18/100,0))) | AR18: 2.8 | AS18: сульфат міді | AU18: =IF(AR18="","",IFERROR(VLOOKUP(AS18,Довідник_мінералів!$A:$B,2,0),"-")) | AV18: 0.9 | AW18: оксид марганцю | AY18: =IF(AV18="","",IFERROR(VLOOKUP(AW18,Довідник_мінералів!$A:$B,2,0),"-")) | BB18: =IF(SE18="","",IFERROR(VLOOKUP(BA18,Довідник_мінералів!$A:$B,2,0),"-")) | BC18: 0.35 | BD18: Шматочки у соусі; макронутрієнтний профіль для дорослих котів
A19: rc_instinctive_loaf_wet_cat | B19: Royal Canin | C19: Instinctive | D19: Instinctive Loaf (вологий, паштет) | E19: вологий | F19: кіт | G19: здоровий дорослий | I19: https://www.royalcanin.com/ua/cats/products/retail-products/instinctive-loaf-wet | J19: 12 | K19: 3.3 | L19: 1.3 | M19: 2 | O19: =IF(J19="","",ROUND(J19/(1-N19/100),1)) | P19: =IF(K19="","",ROUND(K19/(1-N19/100),1)) | Q19: =IF(L19="","",ROUND(L19/(1-N19/100),1)) | R19: =IF(M19="","",ROUND(M19/(1-N19/100),1)) | S19: М'ясо та м'ясні субпродукти, злакові, мінеральні речовини | T19: м'ясо та м'ясні субпродукти | U19: злакові | AK19: =IF(AF19="","",IF(AH19="",IFERROR(VLOOKUP(AG19,Довідник_мінералів!$A:$B,2,0),"-"),ROUND(IFERROR(VLOOKUP(AG19,Довідник_мінералів!$A:$B,2,0),0)*AH19/100+IFERROR(VLOOKUP(AI19,Довідник_мінералів!$A:$B,2,0),0)*AJ19/100,0))) | AQ19: =IF(AL19="","",IF(AN19="",IFERROR(VLOOKUP(AM19,Довідник_мінералів!$A:$B,2,0),"-"),ROUND(IFERROR(VLOOKUP(AM19,Довідник_мінералів!$A:$B,2,0),0)*AN19/100+IFERROR(VLOOKUP(AO19,Довідник_мінералів!$A:$B,2,0),0)*AP19/100,0))) | AU19: =IF(AR19="","",IFERROR(VLOOKUP(AS19,Довідник_мінералів!$A:$B,2,0),"-")) | AY19: =IF(AV19="","",IFERROR(VLOOKUP(AW19,Довідник_мінералів!$A:$B,2,0),"-")) | BB19: =IF(SE19="","",IFERROR(VLOOKUP(BA19,Довідник_мінералів!$A:$B,2,0),"-")) | BD19: Паштет; вологість не підтверджена — уточнити
A20: rc_hair_skin_wet_cat | B20: Royal Canin | C20: Hair & Skin | D20: Hair & Skin Care (вологий, желе) | E20: вологий | F20: кіт | G20: шкіра та шерсть | I20: https://www.royalcanin.com/ua/cats/products/retail-products/hair-skin-care-wet | J20: 10.5 | K20: 4 | L20: 1 | M20: 1.5 | N20: 81 | O20: =IF(J20="","",ROUND(J20/(1-N20/100),1)) | P20: =IF(K20="","",ROUND(K20/(1-N20/100),1)) | Q20: =IF(L20="","",ROUND(L20/(1-N20/100),1)) | R20: =IF(M20="","",ROUND(M20/(1-N20/100),1)) | S20: М'ясо та м'ясні субпродукти, риба та рибні субпродукти, злакові, екстракти рослинних протеїнів, олії та жири, субпродукти рослинного походження, мінеральні речовини, вуглеводи | T20: м'ясо та м'ясні субпродукти | U20: риба та рибні субпродукти | V20: екстракти рослинних протеїнів | X20: 100 | AF20: 21 | AG20: оксид цинку / сульфат цинку | AK20: =IF(AF20="","",IF(AH20="",IFERROR(VLOOKUP(AG20,Довідник_мінералів!$A:$B,2,0),"-"),ROUND(IFERROR(VLOOKUP(AG20,Довідник_мінералів!$A:$B,2,0),0)*AH20/100+IFERROR(VLOOKUP(AI20,Довідник_мінералів!$A:$B,2,0),0)*AJ20/100,0))) | AL20: 7 | AM20: сульфат заліза(II) | AQ20: =IF(AL20="","",IF(AN20="",IFERROR(VLOOKUP(AM20,Довідник_мінералів!$A:$B,2,0),"-"),ROUND(IFERROR(VLOOKUP(AM20,Довідник_мінералів!$A:$B,2,0),0)*AN20/100+IFERROR(VLOOKUP(AO20,Довідник_мінералів!$A:$B,2,0),0)*AP20/100,0))) | AR20: 1.8 | AS20: сульфат міді | AU20: =IF(AR20="","",IFERROR(VLOOKUP(AS20,Довідник_мінералів!$A:$B,2,0),"-")) | AV20: 2.1 | AW20: оксид марганцю | AY20: =IF(AV20="","",IFERROR(VLOOKUP(AW20,Довідник_мінералів!$A:$B,2,0),"-")) | BB20: =IF(SE20="","",IFERROR(VLOOKUP(BA20,Довідник_мінералів!$A:$B,2,0),"-")) | BC20: 0.23 | BD20: Омега-3: 0.16%; Омега-6: 0.94%; також є версія Intense Beauty
A21: rc_digest_sensitive_wet_cat | B21: Royal Canin | C21: Digest Sensitive | D21: Digest Sensitive (вологий, соус) | E21: вологий | F21: кіт | G21: чутливе травлення | I21: https://www.royalcanin.com/ua/cats/products/retail-products/digest-sensitive-wet | J21: 9.5 | K21: 4 | L21: 0.6 | M21: 1.7 | N21: 80.5 | O21: =IF(J21="","",ROUND(J21/(1-N21/100),1)) | P21: =IF(K21="","",ROUND(K21/(1-N21/100),1)) | Q21: =IF(L21="","",ROUND(L21/(1-N21/100),1)) | R21: =IF(M21="","",ROUND(M21/(1-N21/100),1)) | S21: М'ясо та м'ясні субпродукти, злакові, субпродукти рослинного походження, мінеральні речовини, риба та рибні субпродукти | T21: м'ясо та м'ясні субпродукти | U21: злакові | V21: субпродукти рослинного походження | X21: 200 | AF21: 11 | AG21: оксид цинку / сульфат цинку | AK21: =IF(AF21="","",IF(AH21="",IFERROR(VLOOKUP(AG21,Довідник_мінералів!$A:$B,2,0),"-"),ROUND(IFERROR(VLOOKUP(AG21,Довідник_мінералів!$A:$B,2,0),0)*AH21/100+IFERROR(VLOOKUP(AI21,Довідник_мінералів!$A:$B,2,0),0)*AJ21/100,0))) | AL21: 3.6 | AM21: сульфат заліза(II) | AQ21: =IF(AL21="","",IF(AN21="",IFERROR(VLOOKUP(AM21,Довідник_мінералів!$A:$B,2,0),"-"),ROUND(IFERROR(VLOOKUP(AM21,Довідник_мінералів!$A:$B,2,0),0)*AN21/100+IFERROR(VLOOKUP(AO21,Довідник_мінералів!$A:$B,2,0),0)*AP21/100,0))) | AR21: 2.8 | AS21: сульфат міді | AU21: =IF(AR21="","",IFERROR(VLOOKUP(AS21,Довідник_мінералів!$A:$B,2,0),"-")) | AV21: 1 | AW21: оксид марганцю | AY21: =IF(AV21="","",IFERROR(VLOOKUP(AW21,Довідник_мінералів!$A:$B,2,0),"-")) | BB21: =IF(SE21="","",IFERROR(VLOOKUP(BA21,Довідник_мінералів!$A:$B,2,0),"-")) | BC21: 0.35 | BD21: Шматочки у соусі; для котів з чутливим ШКТ
A22: rc_gi_dry_cat | B22: Royal Canin | C22: Gastrointestinal | D22: Gastrointestinal (сухий) | E22: сухий | F22: кіт | G22: ШКТ / панкреатит ремісія | I22: https://www.royalcanin.com/ua/cats/products/vet-products/gastro-intestinal-dry | J22: 32 | K22: 22 | L22: 4.9 | M22: 8.5 | O22: =IF(J22="","",ROUND(J22/(1-N22/100),1)) | P22: =IF(K22="","",ROUND(K22/(1-N22/100),1)) | Q22: =IF(L22="","",ROUND(L22/(1-N22/100),1)) | R22: =IF(M22="","",ROUND(M22/(1-N22/100),1)) | S22: Рис, дегідратовані протеїни м'яса птиці (L.I.P.), кукурудзяне борошно, тваринні жири, пшеничний глютен (L.I.P.), гідролізат білків тваринного походження, рослинна клітковина, мінеральні речовини, риб'ячий жир, соєва олія, фруктоолігосахариди, оболонка та насіння подорожника, гідролізат дріжджів (МОС та бета-глюкани) | T22: рис | U22: дегідратовані протеїни м'яса птиці (L.I.P.) | V22: пшеничний глютен (L.I.P.) | W22: 21500 | X22: 800 | AF22: 132 | AG22: оксид цинку / сульфат цинку | AK22: =IF(AF22="","",IF(AH22="",IFERROR(VLOOKUP(AG22,Довідник_мінералів!$A:$B,2,0),"-"),ROUND(IFERROR(VLOOKUP(AG22,Довідник_мінералів!$A:$B,2,0),0)*AH22/100+IFERROR(VLOOKUP(AI22,Довідник_мінералів!$A:$B,2,0),0)*AJ22/100,0))) | AL22: 41 | AM22: сульфат заліза(II) | AQ22: =IF(AL22="","",IF(AN22="",IFERROR(VLOOKUP(AM22,Довідник_мінералів!$A:$B,2,0),"-"),ROUND(IFERROR(VLOOKUP(AM22,Довідник_мінералів!$A:$B,2,0),0)*AN22/100+IFERROR(VLOOKUP(AO22,Довідник_мінералів!$A:$B,2,0),0)*AP22/100,0))) | AR22: 13 | AS22: сульфат міді | AU22: =IF(AR22="","",IFERROR(VLOOKUP(AS22,Довідник_мінералів!$A:$B,2,0),"-")) | AV22: 54 | AW22: оксид марганцю | AY22: =IF(AV22="","",IFERROR(VLOOKUP(AW22,Довідник_мінералів!$A:$B,2,0),"-")) | AZ22: 0.08 | BA22: селеніт натрію | BB22: =IF(SE22="","",IFERROR(VLOOKUP(BA22,Довідник_мінералів!$A:$B,2,0),"-")) | BC22: 4.1 | BD22: Омега-3: 0.93%; EPA/DHA: 0.33%; Na 0.6%; K 1%; S/O index
A23: rc_gi_mc_dry_cat | B23: Royal Canin | C23: Gastrointestinal | D23: Gastrointestinal Moderate Calorie (сухий) | E23: сухий | F23: кіт | G23: ШКТ зайва вага | I23: https://www.royalcanin.com/ua/cats/products/vet-products/gastro-intestinal-moderate-calorie-dry | J23: 34 | K23: 11 | L23: 7 | M23: 8.8 | O23: =IF(J23="","",ROUND(J23/(1-N23/100),1)) | P23: =IF(K23="","",ROUND(K23/(1-N23/100),1)) | Q23: =IF(L23="","",ROUND(L23/(1-N23/100),1)) | R23: =IF(M23="","",ROUND(M23/(1-N23/100),1)) | S23: Рис, дегідратовані протеїни м'яса птиці (L.I.P.), пшеничний глютен (L.I.P.), кукурудзяне борошно, рослинна клітковина, кукурудзяний глютен, гідролізат білків тваринного походження, мінеральні речовини, тваринні жири, риб'ячий жир, соєва олія, фруктоолігосахариди | T23: рис | U23: дегідратовані протеїни м'яса птиці (L.I.P.) | V23: пшеничний глютен (L.I.P.) | W23: 21500 | X23: 800 | AF23: 134 | AG23: оксид цинку / сульфат цинку | AK23: =IF(AF23="","",IF(AH23="",IFERROR(VLOOKUP(AG23,Довідник_мінералів!$A:$B,2,0),"-"),ROUND(IFERROR(VLOOKUP(AG23,Довідник_мінералів!$A:$B,2,0),0)*AH23/100+IFERROR(VLOOKUP(AI23,Довідник_мінералів!$A:$B,2,0),0)*AJ23/100,0))) | AL23: 35 | AM23: сульфат заліза(II) | AQ23: =IF(AL23="","",IF(AN23="",IFERROR(VLOOKUP(AM23,Довідник_мінералів!$A:$B,2,0),"-"),ROUND(IFERROR(VLOOKUP(AM23,Довідник_мінералів!$A:$B,2,0),0)*AN23/100+IFERROR(VLOOKUP(AO23,Довідник_мінералів!$A:$B,2,0),0)*AP23/100,0))) | AR23: 11 | AS23: сульфат міді | AU23: =IF(AR23="","",IFERROR(VLOOKUP(AS23,Довідник_мінералів!$A:$B,2,0),"-")) | AV23: 46 | AW23: оксид марганцю | AY23: =IF(AV23="","",IFERROR(VLOOKUP(AW23,Довідник_мінералів!$A:$B,2,0),"-")) | AZ23: 0.06 | BA23: селеніт натрію | BB23: =IF(SE23="","",IFERROR(VLOOKUP(BA23,Довідник_мінералів!$A:$B,2,0),"-")) | BC23: 3.5 | BD23: Ca 1%; P 0.9%; Na 1.2%; Mg 0.06%; таурин 0.22%; EPA/DHA 0.32%; L-карнітин 200 мг/кг
A24: rc_gi_mc_wet_cat | B24: Royal Canin | C24: Gastrointestinal | D24: Gastrointestinal Moderate Calorie (вологий) | E24: вологий | F24: кіт | G24: ШКТ зайва вага | I24: https://www.royalcanin.com/ua/cats/products/vet-products/gastro-intestinal-moderate-calorie-wet | J24: 7 | K24: 2.9 | L24: 0.9 | M24: 1.6 | N24: 82 | O24: =IF(J24="","",ROUND(J24/(1-N24/100),1)) | P24: =IF(K24="","",ROUND(K24/(1-N24/100),1)) | Q24: =IF(L24="","",ROUND(L24/(1-N24/100),1)) | R24: =IF(M24="","",ROUND(M24/(1-N24/100),1)) | S24: М'ясо та м'ясні субпродукти, злакові, субпродукти рослинного походження, мінеральні речовини, олії та жири, вуглеводи, дріжджі. Субпродукти птиці та свинини, кукурудзяне борошно, суміш кукурудзяного крохмалю | T24: субпродукти птиці та свинини | U24: злакові | X24: 240 | AF24: 7 | AG24: оксид цинку / сульфат цинку | AK24: =IF(AF24="","",IF(AH24="",IFERROR(VLOOKUP(AG24,Довідник_мінералів!$A:$B,2,0),"-"),ROUND(IFERROR(VLOOKUP(AG24,Довідник_мінералів!$A:$B,2,0),0)*AH24/100+IFERROR(VLOOKUP(AI24,Довідник_мінералів!$A:$B,2,0),0)*AJ24/100,0))) | AL24: 2 | AM24: сульфат заліза(II) | AQ24: =IF(AL24="","",IF(AN24="",IFERROR(VLOOKUP(AM24,Довідник_мінералів!$A:$B,2,0),"-"),ROUND(IFERROR(VLOOKUP(AM24,Довідник_мінералів!$A:$B,2,0),0)*AN24/100+IFERROR(VLOOKUP(AO24,Довідник_мінералів!$A:$B,2,0),0)*AP24/100,0))) | AR24: 2.4 | AS24: сульфат міді | AU24: =IF(AR24="","",IFERROR(VLOOKUP(AS24,Довідник_мінералів!$A:$B,2,0),"-")) | AV24: 0.7 | AW24: оксид марганцю | AY24: =IF(AV24="","",IFERROR(VLOOKUP(AW24,Довідник_мінералів!$A:$B,2,0),"-")) | BB24: =IF(SE24="","",IFERROR(VLOOKUP(BA24,Довідник_мінералів!$A:$B,2,0),"-")) | BC24: 0.3 | BD24: Na 0.11%; K 0.14%; Омега-3: 0.14%; Омега-6: 0.6%; S/O index
A25: rc_urinary_so_dry_cat | B25: Royal Canin | C25: Urinary S/O | D25: Urinary S/O (сухий) | E25: сухий | F25: кіт | G25: МКХ струвіти + оксалати | I25: https://www.royalcanin.com/ua/cats/products/vet-products/urinary-so-cat-dry | J25: 34.5 | K25: 15 | L25: 2.9 | M25: 8.9 | O25: =IF(J25="","",ROUND(J25/(1-N25/100),1)) | P25: =IF(K25="","",ROUND(K25/(1-N25/100),1)) | Q25: =IF(L25="","",ROUND(L25/(1-N25/100),1)) | R25: =IF(M25="","",ROUND(M25/(1-N25/100),1)) | S25: Рис, дегідратовані протеїни м'яса птиці (L.I.P.), пшеничний глютен (L.I.P.), кукурудзяне борошно, тваринні жири, гідролізат білків тваринного походження, рослинна клітковина, мінеральні речовини, риб'ячий жир, соєва олія, фруктоолігосахариди | T25: рис | U25: дегідратовані протеїни м'яса птиці (L.I.P.) | V25: пшеничний глютен (L.I.P.) | W25: 21500 | X25: 800 | AF25: 136 | AG25: оксид цинку / сульфат цинку | AK25: =IF(AF25="","",IF(AH25="",IFERROR(VLOOKUP(AG25,Довідник_мінералів!$A:$B,2,0),"-"),ROUND(IFERROR(VLOOKUP(AG25,Довідник_мінералів!$A:$B,2,0),0)*AH25/100+IFERROR(VLOOKUP(AI25,Довідник_мінералів!$A:$B,2,0),0)*AJ25/100,0))) | AL25: 37 | AM25: сульфат заліза(II) | AQ25: =IF(AL25="","",IF(AN25="",IFERROR(VLOOKUP(AM25,Довідник_мінералів!$A:$B,2,0),"-"),ROUND(IFERROR(VLOOKUP(AM25,Довідник_мінералів!$A:$B,2,0),0)*AN25/100+IFERROR(VLOOKUP(AO25,Довідник_мінералів!$A:$B,2,0),0)*AP25/100,0))) | AR25: 11 | AS25: сульфат міді | AU25: =IF(AR25="","",IFERROR(VLOOKUP(AS25,Довідник_мінералів!$A:$B,2,0),"-")) | AV25: 48 | AW25: оксид марганцю | AY25: =IF(AV25="","",IFERROR(VLOOKUP(AW25,Довідник_мінералів!$A:$B,2,0),"-")) | AZ25: 0.06 | BA25: селеніт натрію | BB25: =IF(SE25="","",IFERROR(VLOOKUP(BA25,Довідник_мінералів!$A:$B,2,0),"-")) | BC25: 3.7 | BD25: Ca 0.9%; P 0.9%; Na 1.3%; Mg 0.05%; таурин 0.23%; EPA/DHA 0.37%; підкислювачі сечі: Ca сульфат 1.25%, DL-метіонін 0.39%
A26: rc_urinary_so_mc_dry_cat | B26: Royal Canin | C26: Urinary S/O | D26: Urinary S/O Moderate Calorie (сухий) | E26: сухий | F26: кіт | G26: МКХ + зайва вага | I26: https://www.royalcanin.com/ua/cats/products/vet-products/urinary-so-moderate-calorie-dry | J26: 34 | K26: 11 | L26: 7 | M26: 8.8 | O26: =IF(J26="","",ROUND(J26/(1-N26/100),1)) | P26: =IF(K26="","",ROUND(K26/(1-N26/100),1)) | Q26: =IF(L26="","",ROUND(L26/(1-N26/100),1)) | R26: =IF(M26="","",ROUND(M26/(1-N26/100),1)) | S26: Рис, дегідратовані протеїни м'яса птиці, пшеничний глютен (L.I.P.), кукурудзяне борошно, рослинна клітковина, кукурудзяний глютен, гідролізат білків тваринного походження, мінеральні речовини, тваринні жири, риб'ячий жир, соєва олія, фруктоолігосахариди | T26: рис | U26: дегідратовані протеїни м'яса птиці | V26: пшеничний глютен (L.I.P.) | W26: 21500 | X26: 800 | AF26: 134 | AG26: оксид цинку / сульфат цинку | AK26: =IF(AF26="","",IF(AH26="",IFERROR(VLOOKUP(AG26,Довідник_мінералів!$A:$B,2,0),"-"),ROUND(IFERROR(VLOOKUP(AG26,Довідник_мінералів!$A:$B,2,0),0)*AH26/100+IFERROR(VLOOKUP(AI26,Довідник_мінералів!$A:$B,2,0),0)*AJ26/100,0))) | AL26: 35 | AM26: сульфат заліза(II) | AQ26: =IF(AL26="","",IF(AN26="",IFERROR(VLOOKUP(AM26,Довідник_мінералів!$A:$B,2,0),"-"),ROUND(IFERROR(VLOOKUP(AM26,Довідник_мінералів!$A:$B,2,0),0)*AN26/100+IFERROR(VLOOKUP(AO26,Довідник_мінералів!$A:$B,2,0),0)*AP26/100,0))) | AR26: 11 | AS26: сульфат міді | AU26: =IF(AR26="","",IFERROR(VLOOKUP(AS26,Довідник_мінералів!$A:$B,2,0),"-")) | AV26: 46 | AW26: оксид марганцю | AY26: =IF(AV26="","",IFERROR(VLOOKUP(AW26,Довідник_мінералів!$A:$B,2,0),"-")) | AZ26: 0.06 | BA26: селеніт натрію | BB26: =IF(SE26="","",IFERROR(VLOOKUP(BA26,Довідник_мінералів!$A:$B,2,0),"-")) | BC26: 3.5 | BD26: Ca 1%; P 0.9%; Na 1.2%; Mg 0.06%; таурин 0.22%; EPA/DHA 0.32%; L-карнітин 200 мг/кг
A27: rc_urinary_so_wet_cat | B27: Royal Canin | C27: Urinary S/O | D27: Urinary S/O (вологий) | E27: вологий | F27: кіт | G27: МКХ струвіти + оксалати | I27: https://www.royalcanin.com/ua/cats/products/vet-products/urinary-so-cat-wet | J27: 10 | K27: 3.5 | L27: 1 | M27: 1.8 | N27: 80 | O27: =IF(J27="","",ROUND(J27/(1-N27/100),1)) | P27: =IF(K27="","",ROUND(K27/(1-N27/100),1)) | Q27: =IF(L27="","",ROUND(L27/(1-N27/100),1)) | R27: =IF(M27="","",ROUND(M27/(1-N27/100),1)) | S27: М'ясо та м'ясні субпродукти, злакові, мінеральні речовини, олії та жири, субпродукти рослинного походження | T27: м'ясо та м'ясні субпродукти | U27: злакові | X27: 225 | AF27: 10 | AG27: оксид цинку / сульфат цинку | AK27: =IF(AF27="","",IF(AH27="",IFERROR(VLOOKUP(AG27,Довідник_мінералів!$A:$B,2,0),"-"),ROUND(IFERROR(VLOOKUP(AG27,Довідник_мінералів!$A:$B,2,0),0)*AH27/100+IFERROR(VLOOKUP(AI27,Довідник_мінералів!$A:$B,2,0),0)*AJ27/100,0))) | AL27: 3 | AM27: сульфат заліза(II) | AQ27: =IF(AL27="","",IF(AN27="",IFERROR(VLOOKUP(AM27,Довідник_мінералів!$A:$B,2,0),"-"),ROUND(IFERROR(VLOOKUP(AM27,Довідник_мінералів!$A:$B,2,0),0)*AN27/100+IFERROR(VLOOKUP(AO27,Довідник_мінералів!$A:$B,2,0),0)*AP27/100,0))) | AR27: 2 | AS27: сульфат міді | AU27: =IF(AR27="","",IFERROR(VLOOKUP(AS27,Довідник_мінералів!$A:$B,2,0),"-")) | AV27: 1 | AW27: оксид марганцю | AY27: =IF(AV27="","",IFERROR(VLOOKUP(AW27,Довідник_мінералів!$A:$B,2,0),"-")) | BB27: =IF(SE27="","",IFERROR(VLOOKUP(BA27,Довідник_мінералів!$A:$B,2,0),"-")) | BC27: 0.25 | BD27: Ca 0.22%; P 0.19%; Na 0.3%; Mg 0.012%; таурин 0.1%; підкислювачі: Ca сульфат 0.25%, DL-метіонін 0.03%
A28: rc_renal_dry_cat | B28: Royal Canin | C28: Renal | D28: Renal Feline (сухий) | E28: сухий | F28: кіт | G28: ХХН нирки | I28: https://www.royalcanin.com/ua/cats/products/vet-products/renal-3900 | J28: 23 | K28: 17 | L28: 4.6 | M28: 5.9 | O28: =IF(J28="","",ROUND(J28/(1-N28/100),1)) | P28: =IF(K28="","",ROUND(K28/(1-N28/100),1)) | Q28: =IF(L28="","",ROUND(L28/(1-N28/100),1)) | R28: =IF(M28="","",ROUND(M28/(1-N28/100),1)) | S28: Кукурудзяне борошно, рис, дегідратовані протеїни свинини (L.I.P.), тваринні жири, кукурудзяний глютен, рослинна клітковина, кукурудза, гідролізат протеїнів тваринного походження, мінеральні речовини, пшеничний глютен (L.I.P.), жом цикорію, риб'ячий жир, соєва олія | T28: дегідратовані протеїни свинини (L.I.P.) | U28: кукурудзяний глютен | V28: пшеничний глютен (L.I.P.) | X28: 800 | AG28: не вказано у UA маркуванні | AK28: =IF(AF28="","",IF(AH28="",IFERROR(VLOOKUP(AG28,Довідник_мінералів!$A:$B,2,0),"-"),ROUND(IFERROR(VLOOKUP(AG28,Довідник_мінералів!$A:$B,2,0),0)*AH28/100+IFERROR(VLOOKUP(AI28,Довідник_мінералів!$A:$B,2,0),0)*AJ28/100,0))) | AM28: не вказано у UA маркуванні | AQ28: =IF(AL28="","",IF(AN28="",IFERROR(VLOOKUP(AM28,Довідник_мінералів!$A:$B,2,0),"-"),ROUND(IFERROR(VLOOKUP(AM28,Довідник_мінералів!$A:$B,2,0),0)*AN28/100+IFERROR(VLOOKUP(AO28,Довідник_мінералів!$A:$B,2,0),0)*AP28/100,0))) | AS28: сульфат міді (знижений рівень) | AU28: =IF(AR28="","",IFERROR(VLOOKUP(AS28,Довідник_мінералів!$A:$B,2,0),"-")) | AY28: =IF(AV28="","",IFERROR(VLOOKUP(AW28,Довідник_мінералів!$A:$B,2,0),"-")) | BB28: =IF(SE28="","",IFERROR(VLOOKUP(BA28,Довідник_мінералів!$A:$B,2,0),"-")) | BD28: Ca 0.6%; P 0.3%; K 0.9%; Na 0.4%; Mg 0.07%; EPA/DHA 0.42%; підлужувачі: цитрат калію, карбонат кальцію; НИЗЬКИЙ фосфор
A29: rc_renal_select_dry_cat | B29: Royal Canin | C29: Renal | D29: Renal Select (сухий) | E29: сухий | F29: кіт | G29: ХХН нирки вибагливі коти | I29: https://www.royalcanin.com/ua/cats/products/vet-products/renal-select-feline-dry-dry | J29: 24.5 | K29: 21.5 | L29: 4.6 | M29: 6.6 | O29: =IF(J29="","",ROUND(J29/(1-N29/100),1)) | P29: =IF(K29="","",ROUND(K29/(1-N29/100),1)) | Q29: =IF(L29="","",ROUND(L29/(1-N29/100),1)) | R29: =IF(M29="","",ROUND(M29/(1-N29/100),1)) | S29: Тваринні жири, рис, оброблене пшеничне борошно, дегідратовані протеїни свинини (L.I.P.), пшеничне борошно, пшеничний глютен (L.I.P.), рослинна клітковина, кукурудзяний глютен, гідролізат білків тваринного походження, дегідрована риба, мінеральні речовини, екстракт цикорію, риб'ячий жир, соєва олія | T29: тваринні жири | U29: дегідратовані протеїни свинини (L.I.P.) | V29: пшеничний глютен (L.I.P.) | W29: 21000 | X29: 800 | AF29: 148 | AG29: оксид цинку / сульфат цинку | AK29: =IF(AF29="","",IF(AH29="",IFERROR(VLOOKUP(AG29,Довідник_мінералів!$A:$B,2,0),"-"),ROUND(IFERROR(VLOOKUP(AG29,Довідник_мінералів!$A:$B,2,0),0)*AH29/100+IFERROR(VLOOKUP(AI29,Довідник_мінералів!$A:$B,2,0),0)*AJ29/100,0))) | AL29: 45 | AM29: сульфат заліза(II) | AQ29: =IF(AL29="","",IF(AN29="",IFERROR(VLOOKUP(AM29,Довідник_мінералів!$A:$B,2,0),"-"),ROUND(IFERROR(VLOOKUP(AM29,Довідник_мінералів!$A:$B,2,0),0)*AN29/100+IFERROR(VLOOKUP(AO29,Довідник_мінералів!$A:$B,2,0),0)*AP29/100,0))) | AR29: 14 | AS29: сульфат міді | AU29: =IF(AR29="","",IFERROR(VLOOKUP(AS29,Довідник_мінералів!$A:$B,2,0),"-")) | AV29: 58 | AW29: оксид марганцю | AY29: =IF(AV29="","",IFERROR(VLOOKUP(AW29,Довідник_мінералів!$A:$B,2,0),"-")) | AZ29: 0.08 | BA29: селеніт натрію | BB29: =IF(SE29="","",IFERROR(VLOOKUP(BA29,Довідник_мінералів!$A:$B,2,0),"-")) | BC29: 4.5 | BD29: Ca 0.7%; P 0.41%; K 0.9%; Na 0.45%; Mg 0.08%; EPA/DHA 0.41%; підлужувачі: цитрат калію, карбонат кальцію
A30: rc_renal_fish_wet_cat | B30: Royal Canin | C30: Renal | D30: Renal Feline Fish (вологий) | E30: вологий | F30: кіт | G30: ХХН нирки | I30: https://www.royalcanin.com/ua/cats/products/vet-products/renal-fish-wet | J30: 6.6 | K30: 6 | L30: 1 | M30: 1.1 | N30: 80 | O30: =IF(J30="","",ROUND(J30/(1-N30/100),1)) | P30: =IF(K30="","",ROUND(K30/(1-N30/100),1)) | Q30: =IF(L30="","",ROUND(L30/(1-N30/100),1)) | R30: =IF(M30="","",ROUND(M30/(1-N30/100),1)) | S30: М'ясо та м'ясні субпродукти, риба та рибні субпродукти, злакові, олії та жири, мінеральні речовини | T30: риба та рибні субпродукти | U30: м'ясо та м'ясні субпродукти | V30: злакові | X30: 330 | AK30: =IF(AF30="","",IF(AH30="",IFERROR(VLOOKUP(AG30,Довідник_мінералів!$A:$B,2,0),"-"),ROUND(IFERROR(VLOOKUP(AG30,Довідник_мінералів!$A:$B,2,0),0)*AH30/100+IFERROR(VLOOKUP(AI30,Довідник_мінералів!$A:$B,2,0),0)*AJ30/100,0))) | AQ30: =IF(AL30="","",IF(AN30="",IFERROR(VLOOKUP(AM30,Довідник_мінералів!$A:$B,2,0),"-"),ROUND(IFERROR(VLOOKUP(AM30,Довідник_мінералів!$A:$B,2,0),0)*AN30/100+IFERROR(VLOOKUP(AO30,Довідник_мінералів!$A:$B,2,0),0)*AP30/100,0))) | AU30: =IF(AR30="","",IFERROR(VLOOKUP(AS30,Довідник_мінералів!$A:$B,2,0),"-")) | AY30: =IF(AV30="","",IFERROR(VLOOKUP(AW30,Довідник_мінералів!$A:$B,2,0),"-")) | BB30: =IF(SE30="","",IFERROR(VLOOKUP(BA30,Довідник_мінералів!$A:$B,2,0),"-")) | BD30: Ca 0.14%; P 0.09%; K 0.18%; Na 0.08%; Mg 0.016%; підлужувачі: цитрат калію, карбонат кальцію; НИЗЬКИЙ фосфор
A31: rc_renal_beef_wet_cat | B31: Royal Canin | C31: Renal | D31: Renal Feline Beef (вологий) | E31: вологий | F31: кіт | G31: ХХН нирки | I31: https://www.royalcanin.com/ua/cats/products/vet-products/renal-beef-wet | J31: 6.7 | K31: 6.6 | L31: 0.5 | M31: 1.1 | N31: 80 | O31: =IF(J31="","",ROUND(J31/(1-N31/100),1)) | P31: =IF(K31="","",ROUND(K31/(1-N31/100),1)) | Q31: =IF(L31="","",ROUND(L31/(1-N31/100),1)) | R31: =IF(M31="","",ROUND(M31/(1-N31/100),1)) | S31: М'ясо та м'ясні субпродукти (яловичина 4%), злаки, олії та жири, мінеральні речовини, субпродукти рослинного походження, вуглеводи | T31: яловичина (4%) | U31: м'ясо та м'ясні субпродукти | V31: злаки | X31: 420 | AK31: =IF(AF31="","",IF(AH31="",IFERROR(VLOOKUP(AG31,Довідник_мінералів!$A:$B,2,0),"-"),ROUND(IFERROR(VLOOKUP(AG31,Довідник_мінералів!$A:$B,2,0),0)*AH31/100+IFERROR(VLOOKUP(AI31,Довідник_мінералів!$A:$B,2,0),0)*AJ31/100,0))) | AQ31: =IF(AL31="","",IF(AN31="",IFERROR(VLOOKUP(AM31,Довідник_мінералів!$A:$B,2,0),"-"),ROUND(IFERROR(VLOOKUP(AM31,Довідник_мінералів!$A:$B,2,0),0)*AN31/100+IFERROR(VLOOKUP(AO31,Довідник_мінералів!$A:$B,2,0),0)*AP31/100,0))) | AU31: =IF(AR31="","",IFERROR(VLOOKUP(AS31,Довідник_мінералів!$A:$B,2,0),"-")) | AY31: =IF(AV31="","",IFERROR(VLOOKUP(AW31,Довідник_мінералів!$A:$B,2,0),"-")) | BB31: =IF(SE31="","",IFERROR(VLOOKUP(BA31,Довідник_мінералів!$A:$B,2,0),"-")) | BD31: Ca 0.13%; P 0.075%; K 0.19%; Na 0.08%; Mg 0.016%; підлужувачі: цитрат калію, карбонат кальцію
A32: rc_hepatic_dry_cat | B32: Royal Canin | C32: Hepatic | D32: Hepatic (сухий) | E32: сухий | F32: кіт | G32: захворювання печінки | I32: https://www.royalcanin.com/ua/cats/products/vet-products/hepatic-4012 | J32: 26 | K32: 22 | L32: 5.1 | M32: 6.2 | O32: =IF(J32="","",ROUND(J32/(1-N32/100),1)) | P32: =IF(K32="","",ROUND(K32/(1-N32/100),1)) | Q32: =IF(L32="","",ROUND(L32/(1-N32/100),1)) | R32: =IF(M32="","",ROUND(M32/(1-N32/100),1)) | S32: Рис, тваринні жири, кукурудза, пшеничний глютен, дегідратовані протеїни свинини, кукурудзяний глютен, рослинна клітковина, гідролізована печінка свійської птиці, мінеральні речовини, екстракт цикорію, риб'ячий жир, соєва олія, фруктоолігосахариди, гідролізат дріжджів (МОС) | T32: рис | U32: дегідратовані протеїни свинини | V32: гідролізована печінка свійської птиці | AK32: =IF(AF32="","",IF(AH32="",IFERROR(VLOOKUP(AG32,Довідник_мінералів!$A:$B,2,0),"-"),ROUND(IFERROR(VLOOKUP(AG32,Довідник_мінералів!$A:$B,2,0),0)*AH32/100+IFERROR(VLOOKUP(AI32,Довідник_мінералів!$A:$B,2,0),0)*AJ32/100,0))) | AQ32: =IF(AL32="","",IF(AN32="",IFERROR(VLOOKUP(AM32,Довідник_мінералів!$A:$B,2,0),"-"),ROUND(IFERROR(VLOOKUP(AM32,Довідник_мінералів!$A:$B,2,0),0)*AN32/100+IFERROR(VLOOKUP(AO32,Довідник_мінералів!$A:$B,2,0),0)*AP32/100,0))) | AS32: мідь знижена (загальна Cu 3.6 мг/кг) | AU32: =IF(AR32="","",IFERROR(VLOOKUP(AS32,Довідник_мінералів!$A:$B,2,0),"-")) | AY32: =IF(AV32="","",IFERROR(VLOOKUP(AW32,Довідник_мінералів!$A:$B,2,0),"-")) | BB32: =IF(SE32="","",IFERROR(VLOOKUP(BA32,Довідник_мінералів!$A:$B,2,0),"-")) | BD32: Na 0.3%; Cu загальна 3.6 мг/кг (ЗНИЖЕНА); EPA/DHA 0.35%; S/O index
A33: rc_hypoallergenic_dry_cat | B33: Royal Canin | C33: Hypoallergenic | D33: Hypoallergenic (сухий) | E33: сухий | F33: кіт | G33: алергія / IBD / EPI | I33: https://www.royalcanin.com/ua/cats/products/vet-products/hypoallergenic-3902 | J33: 25.5 | K33: 20 | L33: 3.6 | M33: 6.3 | O33: =IF(J33="","",ROUND(J33/(1-N33/100),1)) | P33: =IF(K33="","",ROUND(K33/(1-N33/100),1)) | Q33: =IF(L33="","",ROUND(L33/(1-N33/100),1)) | R33: =IF(M33="","",ROUND(M33/(1-N33/100),1)) | S33: Рис, гідролізат ізолята соєвого протеїну, тваринні жири, рослинна клітковина, мінеральні речовини, буряковий жом, гідролізована печінка свійської птиці, соєва олія, риб'ячий жир, фруктоолігосахариди, олія огірочника (GLA), екстракт чорнобривців (лютеїн) | T33: гідролізат ізолята соєвого протеїну | U33: рис | V33: гідролізована печінка свійської птиці | W33: 27000 | X33: 800 | AF33: 153 | AG33: оксид цинку / сульфат цинку | AK33: =IF(AF33="","",IF(AH33="",IFERROR(VLOOKUP(AG33,Довідник_мінералів!$A:$B,2,0),"-"),ROUND(IFERROR(VLOOKUP(AG33,Довідник_мінералів!$A:$B,2,0),0)*AH33/100+IFERROR(VLOOKUP(AI33,Довідник_мінералів!$A:$B,2,0),0)*AJ33/100,0))) | AL33: 41 | AM33: сульфат заліза(II) | AQ33: =IF(AL33="","",IF(AN33="",IFERROR(VLOOKUP(AM33,Довідник_мінералів!$A:$B,2,0),"-"),ROUND(IFERROR(VLOOKUP(AM33,Довідник_мінералів!$A:$B,2,0),0)*AN33/100+IFERROR(VLOOKUP(AO33,Довідник_мінералів!$A:$B,2,0),0)*AP33/100,0))) | AR33: 15 | AS33: сульфат міді | AU33: =IF(AR33="","",IFERROR(VLOOKUP(AS33,Довідник_мінералів!$A:$B,2,0),"-")) | AV33: 54 | AW33: оксид марганцю | AY33: =IF(AV33="","",IFERROR(VLOOKUP(AW33,Довідник_мінералів!$A:$B,2,0),"-")) | AZ33: 0.26 | BA33: селеніт натрію | BB33: =IF(SE33="","",IFERROR(VLOOKUP(BA33,Довідник_мінералів!$A:$B,2,0),"-")) | BC33: 3.7 | BD33: EPA/DHA 3.2 г/кг; Омега-3 9.8 г/кг; лінолева+арахідонова 46.4 г/кг; олія огірочника (GLA)
A34: rc_anallergenic_dry_cat | B34: Royal Canin | C34: Anallergenic | D34: Anallergenic (сухий) | E34: сухий | F34: кіт | G34: важка алергія / елімінаційна дієта | I34: https://www.royalcanin.com/ua/cats/products/vet-products/anallergenic-dry | J34: 24.6 | K34: 17 | L34: 3.7 | M34: 7.6 | O34: =IF(J34="","",ROUND(J34/(1-N34/100),1)) | P34: =IF(K34="","",ROUND(K34/(1-N34/100),1)) | Q34: =IF(L34="","",ROUND(L34/(1-N34/100),1)) | R34: =IF(M34="","",ROUND(M34/(1-N34/100),1)) | S34: Кукурудзяний крохмаль, пір'євий гідролізат малої молекулярної ваги (L-амінокислоти та олігопептиди), кокосова олія, соєва олія, рослинна клітковина, мінеральні речовини, тваринний жир, риб'ячий жир, екстракт цикорію, фруктоолігосахариди, мальтодекстрин | T34: пір'євий гідролізат малої молекулярної ваги | U34: кукурудзяний крохмаль | V34: кокосова олія | W34: 36500 | X34: 800 | AF34: 162 | AG34: оксид цинку / сульфат цинку | AK34: =IF(AF34="","",IF(AH34="",IFERROR(VLOOKUP(AG34,Довідник_мінералів!$A:$B,2,0),"-"),ROUND(IFERROR(VLOOKUP(AG34,Довідник_мінералів!$A:$B,2,0),0)*AH34/100+IFERROR(VLOOKUP(AI34,Довідник_мінералів!$A:$B,2,0),0)*AJ34/100,0))) | AL34: 42 | AM34: сульфат заліза(II) | AQ34: =IF(AL34="","",IF(AN34="",IFERROR(VLOOKUP(AM34,Довідник_мінералів!$A:$B,2,0),"-"),ROUND(IFERROR(VLOOKUP(AM34,Довідник_мінералів!$A:$B,2,0),0)*AN34/100+IFERROR(VLOOKUP(AO34,Довідник_мінералів!$A:$B,2,0),0)*AP34/100,0))) | AR34: 15 | AS34: сульфат міді | AU34: =IF(AR34="","",IFERROR(VLOOKUP(AS34,Довідник_мінералів!$A:$B,2,0),"-")) | AV34: 55 | AW34: оксид марганцю | AY34: =IF(AV34="","",IFERROR(VLOOKUP(AW34,Довідник_мінералів!$A:$B,2,0),"-")) | AZ34: 0.26 | BA34: селеніт натрію | BB34: =IF(SE34="","",IFERROR(VLOOKUP(BA34,Довідник_мінералів!$A:$B,2,0),"-")) | BC34: 3.8 | BD34: Єдиний джерело білку: пір'євий гідролізат (не містить жодного цільного білка); лінолева+арахідонова 33.9 г/кг
A35: rc_diabetic_dry_cat | B35: Royal Canin | C35: Diabetic | D35: Diabetic (сухий) | E35: сухий | F35: кіт | G35: цукровий діабет | I35: https://www.royalcanin.com/ua/cats/products/vet-products/diabetic-feline-dry | J35: 46 | K35: 12 | L35: 3.8 | M35: 6.4 | O35: =IF(J35="","",ROUND(J35/(1-N35/100),1)) | P35: =IF(K35="","",ROUND(K35/(1-N35/100),1)) | Q35: =IF(L35="","",ROUND(L35/(1-N35/100),1)) | R35: =IF(M35="","",ROUND(M35/(1-N35/100),1)) | S35: Дегідратовані протеїни м'яса птиці, ячмінь, пшеничний глютен (L.I.P.), кукурудзяний глютен, ізолят соєвого протеїну (L.I.P.), тапіока, тваринні жири, гідролізат білків тваринного походження, рослинна клітковина, екстракт цикорію, мінеральні речовини, риб'ячий жир, оболонка та насіння подорожника, фруктоолігосахариди, соєва олія | T35: дегідратовані протеїни м'яса птиці | U35: ячмінь | V35: ізолят соєвого протеїну (L.I.P.) | W35: 25000 | X35: 1000 | AF35: 130 | AG35: оксид цинку / сульфат цинку | AK35: =IF(AF35="","",IF(AH35="",IFERROR(VLOOKUP(AG35,Довідник_мінералів!$A:$B,2,0),"-"),ROUND(IFERROR(VLOOKUP(AG35,Довідник_мінералів!$A:$B,2,0),0)*AH35/100+IFERROR(VLOOKUP(AI35,Довідник_мінералів!$A:$B,2,0),0)*AJ35/100,0))) | AL35: 33 | AM35: сульфат заліза(II) | AQ35: =IF(AL35="","",IF(AN35="",IFERROR(VLOOKUP(AM35,Довідник_мінералів!$A:$B,2,0),"-"),ROUND(IFERROR(VLOOKUP(AM35,Довідник_мінералів!$A:$B,2,0),0)*AN35/100+IFERROR(VLOOKUP(AO35,Довідник_мінералів!$A:$B,2,0),0)*AP35/100,0))) | AR35: 10 | AS35: сульфат міді | AU35: =IF(AR35="","",IFERROR(VLOOKUP(AS35,Довідник_мінералів!$A:$B,2,0),"-")) | AV35: 43 | AW35: оксид марганцю | AY35: =IF(AV35="","",IFERROR(VLOOKUP(AW35,Довідник_мінералів!$A:$B,2,0),"-")) | AZ35: 0.05 | BA35: селеніт натрію | BB35: =IF(SE35="","",IFERROR(VLOOKUP(BA35,Довідник_мінералів!$A:$B,2,0),"-")) | BC35: 3.3 | BD35: ДУЖЕ ВИСОКИЙ білок 46%; крохмаль 19%; цукри 1.5%; ячмінь + тапіока як джерела вуглеводів (низький ГІ)
A36: rc_satiety_dry_cat | B36: Royal Canin | C36: Satiety | D36: Satiety Weight Management (сухий) | E36: сухий | F36: кіт | G36: ожиріння / зайва вага | I36: https://www.royalcanin.com/ua/cats/products/vet-products/satiety-weight-management-3943 | J36: 34 | K36: 9 | L36: 14.6 | M36: 8.6 | O36: =IF(J36="","",ROUND(J36/(1-N36/100),1)) | P36: =IF(K36="","",ROUND(K36/(1-N36/100),1)) | Q36: =IF(L36="","",ROUND(L36/(1-N36/100),1)) | R36: =IF(M36="","",ROUND(M36/(1-N36/100),1)) | S36: Дегідратовані протеїни м'яса птиці (L.I.P.), рослинна клітковина, рис, пшеничний глютен (L.I.P.), кукурудзяне борошно, гідролізат білків тваринного походження, кукурудзяний глютен, тваринні жири, мінеральні речовини, риб'ячий жир, соєва олія, оболонка та насіння подорожника, фруктоолігосахариди | T36: дегідратовані протеїни м'яса птиці (L.I.P.) | U36: рослинна клітковина | V36: рис | W36: 25000 | X36: 1000 | AF36: 133 | AG36: оксид цинку / сульфат цинку | AK36: =IF(AF36="","",IF(AH36="",IFERROR(VLOOKUP(AG36,Довідник_мінералів!$A:$B,2,0),"-"),ROUND(IFERROR(VLOOKUP(AG36,Довідник_мінералів!$A:$B,2,0),0)*AH36/100+IFERROR(VLOOKUP(AI36,Довідник_мінералів!$A:$B,2,0),0)*AJ36/100,0))) | AL36: 33 | AM36: сульфат заліза(II) | AQ36: =IF(AL36="","",IF(AN36="",IFERROR(VLOOKUP(AM36,Довідник_мінералів!$A:$B,2,0),"-"),ROUND(IFERROR(VLOOKUP(AM36,Довідник_мінералів!$A:$B,2,0),0)*AN36/100+IFERROR(VLOOKUP(AO36,Довідник_мінералів!$A:$B,2,0),0)*AP36/100,0))) | AR36: 10 | AS36: сульфат міді | AU36: =IF(AR36="","",IFERROR(VLOOKUP(AS36,Довідник_мінералів!$A:$B,2,0),"-")) | AV36: 43 | AW36: оксид марганцю | AY36: =IF(AV36="","",IFERROR(VLOOKUP(AW36,Довідник_мінералів!$A:$B,2,0),"-")) | AZ36: 0.05 | BA36: селеніт натрію | BB36: =IF(SE36="","",IFERROR(VLOOKUP(BA36,Довідник_мінералів!$A:$B,2,0),"-")) | BC36: 3.3 | BD36: ДУЖЕ ВИСОКА клітковина 14.6%; S/O index; Омега-3 0.39%; Омега-6 1.84%
A37: rc_mini_puppy_dry_dog | B37: Royal Canin | C37: Mini Puppy | D37: Mini Puppy (сухий) | E37: сухий | F37: собака | G37: цуценята малих порід до 10 міс | H37: 407 | I37: https://www.royalcanin.com/ua/dogs/products/retail-products/mini-puppy-dry | J37: 31 | K37: 20 | L37: 1.4 | M37: 7.7 | N37: 9.5 | O37: =IF(J37="","",ROUND(J37/(1-N37/100),1)) | P37: =IF(K37="","",ROUND(K37/(1-N37/100),1)) | Q37: =IF(L37="","",ROUND(L37/(1-N37/100),1)) | R37: =IF(M37="","",ROUND(M37/(1-N37/100),1)) | S37: Дегідратовані протеїни м'яса птиці, рис, тваринні жири, ізолят рослинних протеїнів (L.I.P.), кукурудза, буряковий жом, кукурудзяне борошно, гідролізат білків тваринного походження, кукурудзяний глютен, мінеральні речовини, риб'ячий жир, соєва олія, фруктоолігосахариди, гідролізат дріжджів (МОС та бета-глюкани), олія водоростей Шізохітріум (ДГК) | T37: дегідратовані протеїни м'яса птиці | U37: ізолят рослинних протеїнів (L.I.P.) | V37: кукурудза | W37: 21500 | X37: 1000 | Y37: 510 | AF37: 126 | AG37: оксид цинку / сульфат цинку | AK37: =IF(AF37="","",IF(AH37="",IFERROR(VLOOKUP(AG37,Довідник_мінералів!$A:$B,2,0),"-"),ROUND(IFERROR(VLOOKUP(AG37,Довідник_мінералів!$A:$B,2,0),0)*AH37/100+IFERROR(VLOOKUP(AI37,Довідник_мінералів!$A:$B,2,0),0)*AJ37/100,0))) | AL37: 38 | AM37: сульфат заліза(II) | AQ37: =IF(AL37="","",IF(AN37="",IFERROR(VLOOKUP(AM37,Довідник_мінералів!$A:$B,2,0),"-"),ROUND(IFERROR(VLOOKUP(AM37,Довідник_мінералів!$A:$B,2,0),0)*AN37/100+IFERROR(VLOOKUP(AO37,Довідник_мінералів!$A:$B,2,0),0)*AP37/100,0))) | AR37: 12 | AS37: сульфат міді | AU37: =IF(AR37="","",IFERROR(VLOOKUP(AS37,Довідник_мінералів!$A:$B,2,0),"-")) | AV37: 49 | AW37: оксид марганцю | AY37: =IF(AV37="","",IFERROR(VLOOKUP(AW37,Довідник_мінералів!$A:$B,2,0),"-")) | AZ37: 0.06 | BA37: селеніт натрію | BB37: =IF(SE37="","",IFERROR(VLOOKUP(BA37,Довідник_мінералів!$A:$B,2,0),"-")) | BD37: Ca 1.34%; P 1.02%; Mg 0.07%; Омега-3 0.78%; Омега-6 4.05%; ДГК з водоростей
A38: rc_medium_puppy_dry_dog | B38: Royal Canin | C38: Medium Puppy | D38: Medium Puppy (сухий) | E38: сухий | F38: собака | G38: цуценята середніх порід до 12 міс | I38: https://www.royalcanin.com/ua/dogs/products/retail-products/medium-puppy-dry | J38: 32 | K38: 20 | L38: 1.7 | M38: 8 | N38: 8 | O38: =IF(J38="","",ROUND(J38/(1-N38/100),1)) | P38: =IF(K38="","",ROUND(K38/(1-N38/100),1)) | Q38: =IF(L38="","",ROUND(L38/(1-N38/100),1)) | R38: =IF(M38="","",ROUND(M38/(1-N38/100),1)) | S38: Дегідратовані протеїни м'яса птиці, кукурудза, тваринні жири, буряковий жом, ізолят рослинних протеїнів (L.I.P.), кукурудзяний глютен, дегідратовані протеїни свинини (L.I.P.), рис, пшеничне борошно, гідролізат білків тваринного походження, пшениця, кукурудзяне борошно, мінеральні речовини, риб'ячий жир, соєва олія, дріжджі та їх частки, фруктоолігосахариди, гідролізат дріжджів (МОС та бета-глюкани), олія водоростей Шізохітріум (ДГК) | T38: дегідратовані протеїни м'яса птиці | U38: кукурудза | V38: ізолят рослинних протеїнів (L.I.P.) | W38: 16000 | X38: 1000 | Y38: 520 | AF38: 123 | AG38: оксид цинку / сульфат цинку | AK38: =IF(AF38="","",IF(AH38="",IFERROR(VLOOKUP(AG38,Довідник_мінералів!$A:$B,2,0),"-"),ROUND(IFERROR(VLOOKUP(AG38,Довідник_мінералів!$A:$B,2,0),0)*AH38/100+IFERROR(VLOOKUP(AI38,Довідник_мінералів!$A:$B,2,0),0)*AJ38/100,0))) | AL38: 45 | AM38: сульфат заліза(II) | AQ38: =IF(AL38="","",IF(AN38="",IFERROR(VLOOKUP(AM38,Довідник_мінералів!$A:$B,2,0),"-"),ROUND(IFERROR(VLOOKUP(AM38,Довідник_мінералів!$A:$B,2,0),0)*AN38/100+IFERROR(VLOOKUP(AO38,Довідник_мінералів!$A:$B,2,0),0)*AP38/100,0))) | AR38: 14 | AS38: сульфат міді | AU38: =IF(AR38="","",IFERROR(VLOOKUP(AS38,Довідник_мінералів!$A:$B,2,0),"-")) | AV38: 59 | AW38: оксид марганцю | AY38: =IF(AV38="","",IFERROR(VLOOKUP(AW38,Довідник_мінералів!$A:$B,2,0),"-")) | AZ38: 0.08 | BA38: селеніт натрію | BB38: =IF(SE38="","",IFERROR(VLOOKUP(BA38,Довідник_мінералів!$A:$B,2,0),"-")) | BD38: Вітамін E 520 мг/кг; ДГК з водоростей; клиноптилоліт 10 г
A39: rc_maxi_puppy_dry_dog | B39: Royal Canin | C39: Maxi Puppy | D39: Maxi Puppy (сухий) | E39: сухий | F39: собака | G39: цуценята великих порід до 15 міс | I39: https://www.royalcanin.com/ua/dogs/products/retail-products/maxi-puppy-dry | J39: 30 | K39: 16 | L39: 2.6 | M39: 7.7 | N39: 9.5 | O39: =IF(J39="","",ROUND(J39/(1-N39/100),1)) | P39: =IF(K39="","",ROUND(K39/(1-N39/100),1)) | Q39: =IF(L39="","",ROUND(L39/(1-N39/100),1)) | R39: =IF(M39="","",ROUND(M39/(1-N39/100),1)) | S39: Дегідратовані протеїни м'яса птиці, кукурудза, тваринні жири, кукурудзяне борошно, дегідратовані протеїни свинини, рис, пшеничне борошно, буряковий жом, гідролізат білків тваринного походження, мінеральні речовини, риб'ячий жир, соєва олія, гідролізат із панцира ракоподібних (глюкозамін), гідролізат хрящовий (хондроїтин) | T39: дегідратовані протеїни м'яса птиці | U39: кукурудза | V39: дегідратовані протеїни свинини | W39: 16000 | X39: 1000 | Y39: 490 | AF39: 140 | AG39: оксид цинку / сульфат цинку | AK39: =IF(AF39="","",IF(AH39="",IFERROR(VLOOKUP(AG39,Довідник_мінералів!$A:$B,2,0),"-"),ROUND(IFERROR(VLOOKUP(AG39,Довідник_мінералів!$A:$B,2,0),0)*AH39/100+IFERROR(VLOOKUP(AI39,Довідник_мінералів!$A:$B,2,0),0)*AJ39/100,0))) | AL39: 45 | AM39: сульфат заліза(II) | AQ39: =IF(AL39="","",IF(AN39="",IFERROR(VLOOKUP(AM39,Довідник_мінералів!$A:$B,2,0),"-"),ROUND(IFERROR(VLOOKUP(AM39,Довідник_мінералів!$A:$B,2,0),0)*AN39/100+IFERROR(VLOOKUP(AO39,Довідник_мінералів!$A:$B,2,0),0)*AP39/100,0))) | AR39: 14 | AS39: сульфат міді | AU39: =IF(AR39="","",IFERROR(VLOOKUP(AS39,Довідник_мінералів!$A:$B,2,0),"-")) | AV39: 59 | AW39: оксид марганцю | AY39: =IF(AV39="","",IFERROR(VLOOKUP(AW39,Довідник_мінералів!$A:$B,2,0),"-")) | AZ39: 0.08 | BA39: селеніт натрію | BB39: =IF(SE39="","",IFERROR(VLOOKUP(BA39,Довідник_мінералів!$A:$B,2,0),"-")) | BD39: Вітамін E 490 мг/кг; глюкозамін+хондроїтин; клиноптилоліт 10 г
A40: rc_giant_puppy_dry_dog | B40: Royal Canin | C40: Giant Puppy | D40: Giant Puppy (сухий) | E40: сухий | F40: собака | G40: цуценята гігантських порід до 8 міс | I40: https://www.royalcanin.com/ua/dogs/products/retail-products/giant-puppy-dry | J40: 34 | K40: 14 | L40: 1.3 | M40: 7.9 | N40: 9.5 | O40: =IF(J40="","",ROUND(J40/(1-N40/100),1)) | P40: =IF(K40="","",ROUND(K40/(1-N40/100),1)) | Q40: =IF(L40="","",ROUND(L40/(1-N40/100),1)) | R40: =IF(M40="","",ROUND(M40/(1-N40/100),1)) | S40: Дегідратовані протеїни м'яса птиці, пшеничний глютен (L.I.P.), рис, кукурудза, кукурудзяне борошно, тваринні жири, пшеничне борошно, буряковий жом, гідролізат протеїнів тваринного походження, мінеральні речовини, кукурудзяний глютен, соєва олія, дріжджові продукти, риб'ячий жир, фруктоолігосахариди, гідролізат дріжджів (МОС та бета-глюкани), олія водоростей Шізохітріум (ДГК), глюкозамін, гідролізат хрящовий (хондроїтин) | T40: дегідратовані протеїни м'яса птиці | U40: пшеничний глютен (L.I.P.) | V40: рис | AK40: =IF(AF40="","",IF(AH40="",IFERROR(VLOOKUP(AG40,Довідник_мінералів!$A:$B,2,0),"-"),ROUND(IFERROR(VLOOKUP(AG40,Довідник_мінералів!$A:$B,2,0),0)*AH40/100+IFERROR(VLOOKUP(AI40,Довідник_мінералів!$A:$B,2,0),0)*AJ40/100,0))) | AQ40: =IF(AL40="","",IF(AN40="",IFERROR(VLOOKUP(AM40,Довідник_мінералів!$A:$B,2,0),"-"),ROUND(IFERROR(VLOOKUP(AM40,Довідник_мінералів!$A:$B,2,0),0)*AN40/100+IFERROR(VLOOKUP(AO40,Довідник_мінералів!$A:$B,2,0),0)*AP40/100,0))) | AU40: =IF(AR40="","",IFERROR(VLOOKUP(AS40,Довідник_мінералів!$A:$B,2,0),"-")) | AY40: =IF(AV40="","",IFERROR(VLOOKUP(AW40,Довідник_мінералів!$A:$B,2,0),"-")) | BB40: =IF(SE40="","",IFERROR(VLOOKUP(BA40,Довідник_мінералів!$A:$B,2,0),"-")) | BD40: Контрольована калорійність для запобігання ожирінню; ДГК з водоростей; глюкозамін+хондроїтин
A41: rc_mini_adult_dry_dog | B41: Royal Canin | C41: Mini Adult | D41: Mini Adult (сухий) | E41: сухий | F41: собака | G41: дорослі до 10 кг (10 міс - 12 років) | I41: https://www.royalcanin.com/ua/dogs/products/retail-products/mini-adult-3001 | J41: 27 | K41: 16 | L41: 1.7 | M41: 6.8 | N41: 9.5 | O41: =IF(J41="","",ROUND(J41/(1-N41/100),1)) | P41: =IF(K41="","",ROUND(K41/(1-N41/100),1)) | Q41: =IF(L41="","",ROUND(L41/(1-N41/100),1)) | R41: =IF(M41="","",ROUND(M41/(1-N41/100),1)) | S41: Пшеничне борошно, дегідратовані протеїни свійської птиці, кукурудзяне борошно, тваринні жири, гідролізовані протеїни тваринного походження, дегідратовані протеїни яловичини та свинини, ячмінь, кукурудза, кукурудзяний глютен, пшениця, мінеральні речовини, буряковий жом, соєва олія, дріжджові продукти, фруктоолігосахариди, риб'ячий жир, олія водоростей Шізохітріум | T41: дегідратовані протеїни свійської птиці | U41: дегідратовані протеїни яловичини та свинини | V41: ячмінь | W41: 15800 | X41: 1000 | AF41: 131 | AG41: оксид цинку / сульфат цинку | AK41: =IF(AF41="","",IF(AH41="",IFERROR(VLOOKUP(AG41,Довідник_мінералів!$A:$B,2,0),"-"),ROUND(IFERROR(VLOOKUP(AG41,Довідник_мінералів!$A:$B,2,0),0)*AH41/100+IFERROR(VLOOKUP(AI41,Довідник_мінералів!$A:$B,2,0),0)*AJ41/100,0))) | AL41: 36 | AM41: сульфат заліза(II) | AQ41: =IF(AL41="","",IF(AN41="",IFERROR(VLOOKUP(AM41,Довідник_мінералів!$A:$B,2,0),"-"),ROUND(IFERROR(VLOOKUP(AM41,Довідник_мінералів!$A:$B,2,0),0)*AN41/100+IFERROR(VLOOKUP(AO41,Довідник_мінералів!$A:$B,2,0),0)*AP41/100,0))) | AR41: 11 | AS41: сульфат міді | AU41: =IF(AR41="","",IFERROR(VLOOKUP(AS41,Довідник_мінералів!$A:$B,2,0),"-")) | AV41: 47 | AW41: оксид марганцю | AY41: =IF(AV41="","",IFERROR(VLOOKUP(AW41,Довідник_мінералів!$A:$B,2,0),"-")) | AZ41: 0.09 | BA41: селеніт натрію | BB41: =IF(SE41="","",IFERROR(VLOOKUP(BA41,Довідник_мінералів!$A:$B,2,0),"-")) | BD41: L-карнітин; ДГК з водоростей; ЕПК/ДГК 2.5 г/кг
A42: rc_medium_adult_dry_dog | B42: Royal Canin | C42: Medium Adult | D42: Medium Adult (сухий) | E42: сухий | F42: собака | G42: дорослі 11-25 кг (12 міс - 7 років) | I42: https://www.royalcanin.com/ua/dogs/products/retail-products/medium-adult-dry | J42: 25 | K42: 14 | L42: 1.3 | M42: 6.1 | N42: 9.5 | O42: =IF(J42="","",ROUND(J42/(1-N42/100),1)) | P42: =IF(K42="","",ROUND(K42/(1-N42/100),1)) | Q42: =IF(L42="","",ROUND(L42/(1-N42/100),1)) | R42: =IF(M42="","",ROUND(M42/(1-N42/100),1)) | S42: Дегідратовані протеїни м'яса птиці (L.I.P.), кукурудзяне борошно, кукурудза, пшеничне борошно, тваринні жири, дегідратовані протеїни свинини (L.I.P.), пшениця, гідролізат білків тваринного походження, буряковий жом, риб'ячий жир, мінеральні речовини, соєва олія, дріжджі та їх частки, гідролізат дріжджів (МОС 0.05%) | T42: дегідратовані протеїни м'яса птиці (L.I.P.) | U42: кукурудза | V42: дегідратовані протеїни свинини (L.I.P.) | W42: 12500 | X42: 800 | AF42: 133 | AG42: оксид цинку / сульфат цинку | AK42: =IF(AF42="","",IF(AH42="",IFERROR(VLOOKUP(AG42,Довідник_мінералів!$A:$B,2,0),"-"),ROUND(IFERROR(VLOOKUP(AG42,Довідник_мінералів!$A:$B,2,0),0)*AH42/100+IFERROR(VLOOKUP(AI42,Довідник_мінералів!$A:$B,2,0),0)*AJ42/100,0))) | AL42: 43 | AM42: сульфат заліза(II) | AQ42: =IF(AL42="","",IF(AN42="",IFERROR(VLOOKUP(AM42,Довідник_мінералів!$A:$B,2,0),"-"),ROUND(IFERROR(VLOOKUP(AM42,Довідник_мінералів!$A:$B,2,0),0)*AN42/100+IFERROR(VLOOKUP(AO42,Довідник_мінералів!$A:$B,2,0),0)*AP42/100,0))) | AR42: 13 | AS42: сульфат міді | AU42: =IF(AR42="","",IFERROR(VLOOKUP(AS42,Довідник_мінералів!$A:$B,2,0),"-")) | AV42: 55 | AW42: оксид марганцю | AY42: =IF(AV42="","",IFERROR(VLOOKUP(AW42,Довідник_мінералів!$A:$B,2,0),"-")) | AZ42: 0.11 | BA42: селеніт натрію | BB42: =IF(SE42="","",IFERROR(VLOOKUP(BA42,Довідник_мінералів!$A:$B,2,0),"-")) | BD42: Омега-3 6.0 г/кг; ЕПК/ДГК 3.1 г/кг
A43: rc_maxi_adult_dry_dog | B43: Royal Canin | C43: Maxi Adult | D43: Maxi Adult (сухий) | E43: сухий | F43: собака | G43: дорослі 26-45 кг (15 міс - 5 років) | I43: https://www.royalcanin.com/ua/dogs/products/retail-products/maxi-adult-dry | J43: 26 | K43: 17 | L43: 1.2 | M43: 6.6 | N43: 9.5 | O43: =IF(J43="","",ROUND(J43/(1-N43/100),1)) | P43: =IF(K43="","",ROUND(K43/(1-N43/100),1)) | Q43: =IF(L43="","",ROUND(L43/(1-N43/100),1)) | R43: =IF(M43="","",ROUND(M43/(1-N43/100),1)) | S43: Дегідратовані протеїни м'яса птиці, кукурудза, кукурудзяне борошно, тваринні жири, пшениця, дегідратовані протеїни свинини, рис, гідролізат білків тваринного походження, кукурудзяний глютен, буряковий жом, мінеральні речовини, риб'ячий жир, соєва олія, дріжджі та їх частки, гідролізат із панцира ракоподібних (глюкозамін), гідролізат хрящовий (хондроїтин) | T43: дегідратовані протеїни м'яса птиці | U43: кукурудза | V43: дегідратовані протеїни свинини | W43: 16000 | X43: 1000 | AF43: 129 | AG43: оксид цинку / сульфат цинку | AK43: =IF(AF43="","",IF(AH43="",IFERROR(VLOOKUP(AG43,Довідник_мінералів!$A:$B,2,0),"-"),ROUND(IFERROR(VLOOKUP(AG43,Довідник_мінералів!$A:$B,2,0),0)*AH43/100+IFERROR(VLOOKUP(AI43,Довідник_мінералів!$A:$B,2,0),0)*AJ43/100,0))) | AL43: 35 | AM43: сульфат заліза(II) | AQ43: =IF(AL43="","",IF(AN43="",IFERROR(VLOOKUP(AM43,Довідник_мінералів!$A:$B,2,0),"-"),ROUND(IFERROR(VLOOKUP(AM43,Довідник_мінералів!$A:$B,2,0),0)*AN43/100+IFERROR(VLOOKUP(AO43,Довідник_мінералів!$A:$B,2,0),0)*AP43/100,0))) | AR43: 11 | AS43: сульфат міді | AU43: =IF(AR43="","",IFERROR(VLOOKUP(AS43,Довідник_мінералів!$A:$B,2,0),"-")) | AV43: 45 | AW43: оксид марганцю | AY43: =IF(AV43="","",IFERROR(VLOOKUP(AW43,Довідник_мінералів!$A:$B,2,0),"-")) | AZ43: 0.05 | BA43: селеніт натрію | BB43: =IF(SE43="","",IFERROR(VLOOKUP(BA43,Довідник_мінералів!$A:$B,2,0),"-")) | BD43: Омега-3 7.7 г/кг; ЕПК/ДГК 4 г/кг; глюкозамін+хондроїтин; клиноптилоліт 5 г
A44: rc_mini_adult8plus_dry_dog | B44: Royal Canin | C44: Mini Adult 8+ | D44: Mini Adult 8+ (сухий) | E44: сухий | F44: собака | G44: дорослі до 10 кг (8+ років) | I44: https://www.royalcanin.com/ua/dogs/products/retail-products/mini-adult-8-dry | J44: 25 | K44: 14 | L44: 5.5 | M44: 6.7 | N44: 9.5 | O44: =IF(J44="","",ROUND(J44/(1-N44/100),1)) | P44: =IF(K44="","",ROUND(K44/(1-N44/100),1)) | Q44: =IF(L44="","",ROUND(L44/(1-N44/100),1)) | R44: =IF(M44="","",ROUND(M44/(1-N44/100),1)) | S44: Дегідратовані протеїни м'яса птиці (L.I.P.), рис, кукурудза, тваринні жири, кукурудзяне борошно, гідролізат білків тваринного походження, кукурудзяний глютен, мінеральні речовини, рослинна клітковина, буряковий жом, риб'ячий жир, соєва олія, дріжджі та їх частки, фруктоолігосахариди, гідролізат дріжджів (МОС), гідролізат із панцира ракоподібних (глюкозамін), гідролізат хрящовий (хондроїтин) | T44: дегідратовані протеїни м'яса птиці (L.I.P.) | U44: рис | V44: кукурудза | AK44: =IF(AF44="","",IF(AH44="",IFERROR(VLOOKUP(AG44,Довідник_мінералів!$A:$B,2,0),"-"),ROUND(IFERROR(VLOOKUP(AG44,Довідник_мінералів!$A:$B,2,0),0)*AH44/100+IFERROR(VLOOKUP(AI44,Довідник_мінералів!$A:$B,2,0),0)*AJ44/100,0))) | AQ44: =IF(AL44="","",IF(AN44="",IFERROR(VLOOKUP(AM44,Довідник_мінералів!$A:$B,2,0),"-"),ROUND(IFERROR(VLOOKUP(AM44,Довідник_мінералів!$A:$B,2,0),0)*AN44/100+IFERROR(VLOOKUP(AO44,Довідник_мінералів!$A:$B,2,0),0)*AP44/100,0))) | AU44: =IF(AR44="","",IFERROR(VLOOKUP(AS44,Довідник_мінералів!$A:$B,2,0),"-")) | AY44: =IF(AV44="","",IFERROR(VLOOKUP(AW44,Довідник_мінералів!$A:$B,2,0),"-")) | BB44: =IF(SE44="","",IFERROR(VLOOKUP(BA44,Довідник_мінералів!$A:$B,2,0),"-")) | BD44: Похилий вік малих порід; знижений фосфор; глюкозамін+хондроїтин
A45: rc_medium_adult7plus_dry_dog | B45: Royal Canin | C45: Medium Adult 7+ | D45: Medium Adult 7+ (сухий) | E45: сухий | F45: собака | G45: дорослі 11-25 кг (7+ років) | I45: https://www.royalcanin.com/ua/dogs/products/retail-products/medium-adult-7-dry | J45: 25 | K45: 13 | L45: 4.7 | M45: 7 | N45: 9.5 | O45: =IF(J45="","",ROUND(J45/(1-N45/100),1)) | P45: =IF(K45="","",ROUND(K45/(1-N45/100),1)) | Q45: =IF(L45="","",ROUND(L45/(1-N45/100),1)) | R45: =IF(M45="","",ROUND(M45/(1-N45/100),1)) | S45: Дегідратовані протеїни м'яса птиці (L.I.P.), кукурудзяне борошно, кукурудза, рис, тваринні жири, дегідратовані протеїни свинини (L.I.P.), рослинна клітковина, гідролізат білків тваринного походження, буряковий жом, мінеральні речовини, риб'ячий жир, соєва олія, дріжджі, фруктоолігосахариди, гідролізат дріжджів (МОС), гідролізат із панцира ракоподібних (глюкозамін), гідролізат хрящовий (хондроїтин) | T45: дегідратовані протеїни м'яса птиці (L.I.P.) | U45: кукурудза | V45: дегідратовані протеїни свинини (L.I.P.) | AK45: =IF(AF45="","",IF(AH45="",IFERROR(VLOOKUP(AG45,Довідник_мінералів!$A:$B,2,0),"-"),ROUND(IFERROR(VLOOKUP(AG45,Довідник_мінералів!$A:$B,2,0),0)*AH45/100+IFERROR(VLOOKUP(AI45,Довідник_мінералів!$A:$B,2,0),0)*AJ45/100,0))) | AQ45: =IF(AL45="","",IF(AN45="",IFERROR(VLOOKUP(AM45,Довідник_мінералів!$A:$B,2,0),"-"),ROUND(IFERROR(VLOOKUP(AM45,Довідник_мінералів!$A:$B,2,0),0)*AN45/100+IFERROR(VLOOKUP(AO45,Довідник_мінералів!$A:$B,2,0),0)*AP45/100,0))) | AU45: =IF(AR45="","",IFERROR(VLOOKUP(AS45,Довідник_мінералів!$A:$B,2,0),"-")) | AY45: =IF(AV45="","",IFERROR(VLOOKUP(AW45,Довідник_мінералів!$A:$B,2,0),"-")) | BB45: =IF(SE45="","",IFERROR(VLOOKUP(BA45,Довідник_мінералів!$A:$B,2,0),"-")) | BD45: Похилий вік середніх порід; знижені Ca/P; глюкозамін+хондроїтин; вітамін C
A46: rc_skin_coat_dry_dog | B46: Royal Canin | C46: Skin & Coat | D46: Skin & Coat Care (сухий) | E46: сухий | F46: собака | G46: шкіра та шерсть малих порід | I46: https://www.royalcanin.com/ua/dogs/products/retail-products/skin-coat-care-dry | J46: 27 | K46: 18 | L46: 3 | M46: 6.2 | N46: 9.5 | O46: =IF(J46="","",ROUND(J46/(1-N46/100),1)) | P46: =IF(K46="","",ROUND(K46/(1-N46/100),1)) | Q46: =IF(L46="","",ROUND(L46/(1-N46/100),1)) | R46: =IF(M46="","",ROUND(M46/(1-N46/100),1)) | S46: Дегідратовані протеїни м'яса птиці (L.I.P.), рис, тваринні жири, кукурудзяне борошно, кукурудзяний глютен, гідролізат білків тваринного походження, мінеральні речовини, риб'ячий жир, кукурудза, соєва олія, буряковий жом, дріжджі та їх частки, фруктоолігосахариди, олія огірочника (GLA) | T46: дегідратовані протеїни м'яса птиці (L.I.P.) | U46: рис | V46: кукурудзяний глютен | AK46: =IF(AF46="","",IF(AH46="",IFERROR(VLOOKUP(AG46,Довідник_мінералів!$A:$B,2,0),"-"),ROUND(IFERROR(VLOOKUP(AG46,Довідник_мінералів!$A:$B,2,0),0)*AH46/100+IFERROR(VLOOKUP(AI46,Довідник_мінералів!$A:$B,2,0),0)*AJ46/100,0))) | AQ46: =IF(AL46="","",IF(AN46="",IFERROR(VLOOKUP(AM46,Довідник_мінералів!$A:$B,2,0),"-"),ROUND(IFERROR(VLOOKUP(AM46,Довідник_мінералів!$A:$B,2,0),0)*AN46/100+IFERROR(VLOOKUP(AO46,Довідник_мінералів!$A:$B,2,0),0)*AP46/100,0))) | AU46: =IF(AR46="","",IFERROR(VLOOKUP(AS46,Довідник_мінералів!$A:$B,2,0),"-")) | AY46: =IF(AV46="","",IFERROR(VLOOKUP(AW46,Довідник_мінералів!$A:$B,2,0),"-")) | BB46: =IF(SE46="","",IFERROR(VLOOKUP(BA46,Довідник_мінералів!$A:$B,2,0),"-")) | BD46: Омега-3/Омега-6 баланс; олія огірочника (GLA); ЕПК/ДГК
A47: rc_digest_sensitive_dry_dog | B47: Royal Canin | C47: Digest Sensitive | D47: Digestive Care (сухий) | E47: сухий | F47: собака | G47: чутливе травлення малих порід | I47: https://www.royalcanin.com/ua/dogs/products/retail-products/digestive-care-dry | J47: 26 | K47: 16 | L47: 3.6 | M47: 6.8 | N47: 9.5 | O47: =IF(J47="","",ROUND(J47/(1-N47/100),1)) | P47: =IF(K47="","",ROUND(K47/(1-N47/100),1)) | Q47: =IF(L47="","",ROUND(L47/(1-N47/100),1)) | R47: =IF(M47="","",ROUND(M47/(1-N47/100),1)) | S47: Дегідратовані протеїни м'яса птиці (L.I.P.), рис, тваринні жири, кукурудзяне борошно, гідролізат білків тваринного походження, кукурудзяний глютен, мінеральні речовини, буряковий жом, риб'ячий жир, соєва олія, дріжджі та їх частки, фруктоолігосахариди, гідролізат дріжджів (МОС) | T47: дегідратовані протеїни м'яса птиці (L.I.P.) | U47: рис | V47: гідролізат білків тваринного походження | AK47: =IF(AF47="","",IF(AH47="",IFERROR(VLOOKUP(AG47,Довідник_мінералів!$A:$B,2,0),"-"),ROUND(IFERROR(VLOOKUP(AG47,Довідник_мінералів!$A:$B,2,0),0)*AH47/100+IFERROR(VLOOKUP(AI47,Довідник_мінералів!$A:$B,2,0),0)*AJ47/100,0))) | AQ47: =IF(AL47="","",IF(AN47="",IFERROR(VLOOKUP(AM47,Довідник_мінералів!$A:$B,2,0),"-"),ROUND(IFERROR(VLOOKUP(AM47,Довідник_мінералів!$A:$B,2,0),0)*AN47/100+IFERROR(VLOOKUP(AO47,Довідник_мінералів!$A:$B,2,0),0)*AP47/100,0))) | AU47: =IF(AR47="","",IFERROR(VLOOKUP(AS47,Довідник_мінералів!$A:$B,2,0),"-")) | AY47: =IF(AV47="","",IFERROR(VLOOKUP(AW47,Довідник_мінералів!$A:$B,2,0),"-")) | BB47: =IF(SE47="","",IFERROR(VLOOKUP(BA47,Довідник_мінералів!$A:$B,2,0),"-")) | BD47: Для малих порід з чутливим ШКТ; ЕПК/ДГК; пребіотики
A48: rc_gi_dry_dog | B48: Royal Canin | C48: Gastrointestinal | D48: Gastrointestinal (сухий) | E48: сухий | F48: собака | G48: ШКТ / гостра діарея | I48: https://www.royalcanin.com/ua/dogs/products/vet-products/gastro-intestinal-dry | J48: 25 | K48: 20 | L48: 1.9 | M48: 6.6 | O48: =IF(J48="","",ROUND(J48/(1-N48/100),1)) | P48: =IF(K48="","",ROUND(K48/(1-N48/100),1)) | Q48: =IF(L48="","",ROUND(L48/(1-N48/100),1)) | R48: =IF(M48="","",ROUND(M48/(1-N48/100),1)) | S48: Рис (L.I.P.), дегідратовані протеїни м'яса птиці (L.I.P.), кукурудза (L.I.P.), тваринні жири (L.I.P.), гідролізат білків тваринного походження (L.I.P.), яєчний порошок (L.I.P.), дріжджові продукти, буряковий жом, соєва олія (L.I.P.), риб'ячий жир (L.I.P.), рослинна клітковина, мінеральні речовини, оболонка та насіння подорожника, фруктоолігосахариди (0.5%), гідролізат дріжджів (МОС 0.2%) | T48: рис (L.I.P.) | U48: дегідратовані протеїни м'яса птиці (L.I.P.) | V48: яєчний порошок (L.I.P.) | W48: 16500 | X48: 1000 | AF48: 129 | AG48: оксид цинку / сульфат цинку | AK48: =IF(AF48="","",IF(AH48="",IFERROR(VLOOKUP(AG48,Довідник_мінералів!$A:$B,2,0),"-"),ROUND(IFERROR(VLOOKUP(AG48,Довідник_мінералів!$A:$B,2,0),0)*AH48/100+IFERROR(VLOOKUP(AI48,Довідник_мінералів!$A:$B,2,0),0)*AJ48/100,0))) | AL48: 41 | AM48: сульфат заліза(II) | AQ48: =IF(AL48="","",IF(AN48="",IFERROR(VLOOKUP(AM48,Довідник_мінералів!$A:$B,2,0),"-"),ROUND(IFERROR(VLOOKUP(AM48,Довідник_мінералів!$A:$B,2,0),0)*AN48/100+IFERROR(VLOOKUP(AO48,Довідник_мінералів!$A:$B,2,0),0)*AP48/100,0))) | AR48: 12 | AS48: сульфат міді | AU48: =IF(AR48="","",IFERROR(VLOOKUP(AS48,Довідник_мінералів!$A:$B,2,0),"-")) | AV48: 53 | AW48: оксид марганцю | AY48: =IF(AV48="","",IFERROR(VLOOKUP(AW48,Довідник_мінералів!$A:$B,2,0),"-")) | AZ48: 0.07 | BA48: селеніт натрію | BB48: =IF(SE48="","",IFERROR(VLOOKUP(BA48,Довідник_мінералів!$A:$B,2,0),"-")) | BC48: 4.1 | BD48: EPA/DHA 0.31%; Омега-3 0.85%; Омега-6 4.28%; Na 0.43%; K 0.65%; L.I.P. інгредієнти
A49: rc_gi_lowfat_dry_dog | B49: Royal Canin | C49: Gastrointestinal Low Fat | D49: Gastrointestinal Low Fat (сухий) | E49: сухий | F49: собака | G49: ШКТ / панкреатит / гіперліпідемія | I49: https://www.royalcanin.com/ua/dogs/products/vet-products/gastro-intestinal-low-fat-dry | J49: 22 | K49: 7 | L49: 1.7 | M49: 6.2 | O49: =IF(J49="","",ROUND(J49/(1-N49/100),1)) | P49: =IF(K49="","",ROUND(K49/(1-N49/100),1)) | Q49: =IF(L49="","",ROUND(L49/(1-N49/100),1)) | R49: =IF(M49="","",ROUND(M49/(1-N49/100),1)) | S49: Рис, дегідратовані протеїни свійської птиці, кукурудза, ячмінь, гідролізовані протеїни тваринного походження, буряковий жом, тваринні жири, мінеральні речовини, дріжджові продукти, оболонка та насіння подорожника, фруктоолігосахариди (0.48%), риб'ячий жир, дріжджі (МОС 0.19%), борошно чорнобривців прямостоячих | T49: рис | U49: дегідратовані протеїни свійської птиці | V49: ячмінь | W49: 16500 | X49: 1000 | Y49: 410 | Z49: 250 | AA49: 1300 | AF49: 133 | AG49: оксид цинку / сульфат цинку | AK49: =IF(AF49="","",IF(AH49="",IFERROR(VLOOKUP(AG49,Довідник_мінералів!$A:$B,2,0),"-"),ROUND(IFERROR(VLOOKUP(AG49,Довідник_мінералів!$A:$B,2,0),0)*AH49/100+IFERROR(VLOOKUP(AI49,Довідник_мінералів!$A:$B,2,0),0)*AJ49/100,0))) | AL49: 42 | AM49: сульфат заліза(II) | AQ49: =IF(AL49="","",IF(AN49="",IFERROR(VLOOKUP(AM49,Довідник_мінералів!$A:$B,2,0),"-"),ROUND(IFERROR(VLOOKUP(AM49,Довідник_мінералів!$A:$B,2,0),0)*AN49/100+IFERROR(VLOOKUP(AO49,Довідник_мінералів!$A:$B,2,0),0)*AP49/100,0))) | AR49: 13 | AS49: сульфат міді | AU49: =IF(AR49="","",IFERROR(VLOOKUP(AS49,Довідник_мінералів!$A:$B,2,0),"-")) | AV49: 54 | AW49: оксид марганцю | AY49: =IF(AV49="","",IFERROR(VLOOKUP(AW49,Довідник_мінералів!$A:$B,2,0),"-")) | AZ49: 0.07 | BA49: селеніт натрію | BB49: =IF(SE49="","",IFERROR(VLOOKUP(BA49,Довідник_мінералів!$A:$B,2,0),"-")) | BC49: 4.2 | BD49: ДУЖЕ НИЗЬКИЙ ЖИР 7%; EPA/DHA 0.14%; таурин 1.3 г/кг; вітамін C 250 мг/кг; вітамін E 410 мг/кг; для панкреатиту
A50: rc_gi_puppy_wet_dog | B50: Royal Canin | C50: Gastrointestinal Puppy | D50: Gastrointestinal Puppy (вологий) | E50: вологий | F50: собака | G50: ШКТ цуценята / вагітні | I50: https://www.royalcanin.com/ua/dogs/products/vet-products/gastro-intestinal-puppy-wet | J50: 10 | K50: 5.8 | L50: 0.8 | M50: 2.2 | N50: 78.5 | O50: =IF(J50="","",ROUND(J50/(1-N50/100),1)) | P50: =IF(K50="","",ROUND(K50/(1-N50/100),1)) | Q50: =IF(L50="","",ROUND(L50/(1-N50/100),1)) | R50: =IF(M50="","",ROUND(M50/(1-N50/100),1)) | S50: М'ясо та м'ясні субпродукти, злаки, субпродукти рослинного походження, мінеральні речовини, молоко та молочні продукти, олії та жири, дріжджі. Субпродукти птиці та свинини, рисове борошно, казеїнат | T50: субпродукти птиці та свинини | U50: рисове борошно | V50: казеїнат | X50: 130 | AF50: 18 | AG50: оксид цинку / сульфат цинку | AK50: =IF(AF50="","",IF(AH50="",IFERROR(VLOOKUP(AG50,Довідник_мінералів!$A:$B,2,0),"-"),ROUND(IFERROR(VLOOKUP(AG50,Довідник_мінералів!$A:$B,2,0),0)*AH50/100+IFERROR(VLOOKUP(AI50,Довідник_мінералів!$A:$B,2,0),0)*AJ50/100,0))) | AL50: 6 | AM50: сульфат заліза(II) | AQ50: =IF(AL50="","",IF(AN50="",IFERROR(VLOOKUP(AM50,Довідник_мінералів!$A:$B,2,0),"-"),ROUND(IFERROR(VLOOKUP(AM50,Довідник_мінералів!$A:$B,2,0),0)*AN50/100+IFERROR(VLOOKUP(AO50,Довідник_мінералів!$A:$B,2,0),0)*AP50/100,0))) | AR50: 2.4 | AS50: сульфат міді | AU50: =IF(AR50="","",IFERROR(VLOOKUP(AS50,Довідник_мінералів!$A:$B,2,0),"-")) | AV50: 1.8 | AW50: оксид марганцю | AY50: =IF(AV50="","",IFERROR(VLOOKUP(AW50,Довідник_мінералів!$A:$B,2,0),"-")) | BB50: =IF(SE50="","",IFERROR(VLOOKUP(BA50,Довідник_мінералів!$A:$B,2,0),"-")) | BC50: 0.3 | BD50: Ca 0.32%; Na 0.24%; K 0.19%; Омега-3 0.2%; Омега-6 1.2%; містить молоко; для цуценят від відлучення до 1 року
A51: rc_renal_dry_dog | B51: Royal Canin | C51: Renal | D51: Renal (сухий) | E51: сухий | F51: собака | G51: ХХН нирки | I51: https://www.royalcanin.com/ua/dogs/products/vet-products/renal-dry | J51: 14 | K51: 18 | L51: 2.4 | M51: 4 | O51: =IF(J51="","",ROUND(J51/(1-N51/100),1)) | P51: =IF(K51="","",ROUND(K51/(1-N51/100),1)) | Q51: =IF(L51="","",ROUND(L51/(1-N51/100),1)) | R51: =IF(M51="","",ROUND(M51/(1-N51/100),1)) | S51: Рис, тваринні жири, кукурудзяне борошно, яєчний порошок, кукурудзяний глютен, дегідратовані протеїни птиці, кукурудза, гідролізат білків тваринного походження, мінеральні речовини, рослинна клітковина, риб'ячий жир, соєва олія, екстракт цикорію, фруктоолігосахариди, оболонка та насіння подорожника | T51: рис | U51: яєчний порошок | V51: кукурудзяний глютен | AG51: не вказано | AK51: =IF(AF51="","",IF(AH51="",IFERROR(VLOOKUP(AG51,Довідник_мінералів!$A:$B,2,0),"-"),ROUND(IFERROR(VLOOKUP(AG51,Довідник_мінералів!$A:$B,2,0),0)*AH51/100+IFERROR(VLOOKUP(AI51,Довідник_мінералів!$A:$B,2,0),0)*AJ51/100,0))) | AM51: не вказано | AQ51: =IF(AL51="","",IF(AN51="",IFERROR(VLOOKUP(AM51,Довідник_мінералів!$A:$B,2,0),"-"),ROUND(IFERROR(VLOOKUP(AM51,Довідник_мінералів!$A:$B,2,0),0)*AN51/100+IFERROR(VLOOKUP(AO51,Довідник_мінералів!$A:$B,2,0),0)*AP51/100,0))) | AS51: сульфат міді | AU51: =IF(AR51="","",IFERROR(VLOOKUP(AS51,Довідник_мінералів!$A:$B,2,0),"-")) | AY51: =IF(AV51="","",IFERROR(VLOOKUP(AW51,Довідник_мінералів!$A:$B,2,0),"-")) | BB51: =IF(SE51="","",IFERROR(VLOOKUP(BA51,Довідник_мінералів!$A:$B,2,0),"-")) | BD51: Ca 0.4%; P 0.2% (ДУЖЕ НИЗЬКИЙ); K 0.6%; Na 0.35%; EPA/DHA 0.47%; підлужувачі: цитрат калію, карбонат кальцію
A52: rc_renal_wet_dog | B52: Royal Canin | C52: Renal | D52: Renal (вологий) | E52: вологий | F52: собака | G52: ХХН нирки | I52: https://www.royalcanin.com/ua/dogs/products/vet-products/renal-wet | J52: 5.4 | K52: 9 | L52: 1 | M52: 1.7 | N52: 66 | O52: =IF(J52="","",ROUND(J52/(1-N52/100),1)) | P52: =IF(K52="","",ROUND(K52/(1-N52/100),1)) | Q52: =IF(L52="","",ROUND(L52/(1-N52/100),1)) | R52: =IF(M52="","",ROUND(M52/(1-N52/100),1)) | S52: М'ясо та м'ясні субпродукти, злаки, олії та жири, мінеральні речовини, субпродукти рослинного походження | T52: м'ясо та м'ясні субпродукти | U52: злаки | V52: олії та жири | AK52: =IF(AF52="","",IF(AH52="",IFERROR(VLOOKUP(AG52,Довідник_мінералів!$A:$B,2,0),"-"),ROUND(IFERROR(VLOOKUP(AG52,Довідник_мінералів!$A:$B,2,0),0)*AH52/100+IFERROR(VLOOKUP(AI52,Довідник_мінералів!$A:$B,2,0),0)*AJ52/100,0))) | AQ52: =IF(AL52="","",IF(AN52="",IFERROR(VLOOKUP(AM52,Довідник_мінералів!$A:$B,2,0),"-"),ROUND(IFERROR(VLOOKUP(AM52,Довідник_мінералів!$A:$B,2,0),0)*AN52/100+IFERROR(VLOOKUP(AO52,Довідник_мінералів!$A:$B,2,0),0)*AP52/100,0))) | AU52: =IF(AR52="","",IFERROR(VLOOKUP(AS52,Довідник_мінералів!$A:$B,2,0),"-")) | AY52: =IF(AV52="","",IFERROR(VLOOKUP(AW52,Довідник_мінералів!$A:$B,2,0),"-")) | BB52: =IF(SE52="","",IFERROR(VLOOKUP(BA52,Довідник_мінералів!$A:$B,2,0),"-")) | BD52: Ca 0.17%; P 0.11% (ДУЖЕ НИЗЬКИЙ); K 0.28%; Na 0.17%; вологість 66%; підлужувачі
A53: rc_hepatic_dry_dog | B53: Royal Canin | C53: Hepatic | D53: Hepatic (сухий) | E53: сухий | F53: собака | G53: захворювання печінки | I53: https://www.royalcanin.com/ua/dogs/products/vet-products/hepatic-dry | J53: 16 | K53: 16 | L53: 1.9 | M53: 4.7 | O53: =IF(J53="","",ROUND(J53/(1-N53/100),1)) | P53: =IF(K53="","",ROUND(K53/(1-N53/100),1)) | Q53: =IF(L53="","",ROUND(L53/(1-N53/100),1)) | R53: =IF(M53="","",ROUND(M53/(1-N53/100),1)) | S53: Рис, тваринні жири, кукурудзяне борошно, кукурудзяний глютен, кукурудза, гідролізат білків тваринного походження, яєчний порошок, рослинна клітковина, мінеральні речовини, риб'ячий жир, буряковий жом, соєва олія, екстракт цикорію, фруктоолігосахариди | T53: рис | U53: яєчний порошок | V53: кукурудзяний глютен | AK53: =IF(AF53="","",IF(AH53="",IFERROR(VLOOKUP(AG53,Довідник_мінералів!$A:$B,2,0),"-"),ROUND(IFERROR(VLOOKUP(AG53,Довідник_мінералів!$A:$B,2,0),0)*AH53/100+IFERROR(VLOOKUP(AI53,Довідник_мінералів!$A:$B,2,0),0)*AJ53/100,0))) | AQ53: =IF(AL53="","",IF(AN53="",IFERROR(VLOOKUP(AM53,Довідник_мінералів!$A:$B,2,0),"-"),ROUND(IFERROR(VLOOKUP(AM53,Довідник_мінералів!$A:$B,2,0),0)*AN53/100+IFERROR(VLOOKUP(AO53,Довідник_мінералів!$A:$B,2,0),0)*AP53/100,0))) | AS53: Cu знижена (3 мг/кг) | AU53: =IF(AR53="","",IFERROR(VLOOKUP(AS53,Довідник_мінералів!$A:$B,2,0),"-")) | AY53: =IF(AV53="","",IFERROR(VLOOKUP(AW53,Довідник_мінералів!$A:$B,2,0),"-")) | BB53: =IF(SE53="","",IFERROR(VLOOKUP(BA53,Довідник_мінералів!$A:$B,2,0),"-")) | BD53: Cu загальна 3 мг/кг (ЗНИЖЕНА); EPA/DHA 0.2%; Na 0.2%; S/O index; тривалість до 6 міс
A54: rc_hepatic_wet_dog | B54: Royal Canin | C54: Hepatic | D54: Hepatic (вологий) | E54: вологий | F54: собака | G54: захворювання печінки | I54: https://www.royalcanin.com/ua/dogs/products/vet-products/hepatic-wet | J54: 6.5 | K54: 4 | L54: 1 | M54: 1.7 | N54: 64.5 | O54: =IF(J54="","",ROUND(J54/(1-N54/100),1)) | P54: =IF(K54="","",ROUND(K54/(1-N54/100),1)) | Q54: =IF(L54="","",ROUND(L54/(1-N54/100),1)) | R54: =IF(M54="","",ROUND(M54/(1-N54/100),1)) | S54: М'ясо та м'ясні субпродукти, злаки, олії та жири, мінеральні речовини, субпродукти рослинного походження | T54: м'ясо та м'ясні субпродукти | U54: злаки | V54: олії та жири | AK54: =IF(AF54="","",IF(AH54="",IFERROR(VLOOKUP(AG54,Довідник_мінералів!$A:$B,2,0),"-"),ROUND(IFERROR(VLOOKUP(AG54,Довідник_мінералів!$A:$B,2,0),0)*AH54/100+IFERROR(VLOOKUP(AI54,Довідник_мінералів!$A:$B,2,0),0)*AJ54/100,0))) | AQ54: =IF(AL54="","",IF(AN54="",IFERROR(VLOOKUP(AM54,Довідник_мінералів!$A:$B,2,0),"-"),ROUND(IFERROR(VLOOKUP(AM54,Довідник_мінералів!$A:$B,2,0),0)*AN54/100+IFERROR(VLOOKUP(AO54,Довідник_мінералів!$A:$B,2,0),0)*AP54/100,0))) | AS54: Cu знижена (1.7 мг/кг) | AU54: =IF(AR54="","",IFERROR(VLOOKUP(AS54,Довідник_мінералів!$A:$B,2,0),"-")) | AY54: =IF(AV54="","",IFERROR(VLOOKUP(AW54,Довідник_мінералів!$A:$B,2,0),"-")) | BB54: =IF(SE54="","",IFERROR(VLOOKUP(BA54,Довідник_мінералів!$A:$B,2,0),"-")) | BD54: Cu загальна 1.7 мг/кг (ДУЖЕ ЗНИЖЕНА); Омега-3 0.24%; EPA/DHA 0.15%; вологість 64.5%
A55: rc_hypoallergenic_dry_dog | B55: Royal Canin | C55: Hypoallergenic | D55: Hypoallergenic (сухий) | E55: сухий | F55: собака | G55: алергія / IBD / атопічний дерматит | I55: https://www.royalcanin.com/ua/dogs/products/vet-products/hypoallergenic-dry | J55: 21 | K55: 19 | L55: 1.1 | M55: 6.1 | O55: =IF(J55="","",ROUND(J55/(1-N55/100),1)) | P55: =IF(K55="","",ROUND(K55/(1-N55/100),1)) | Q55: =IF(L55="","",ROUND(L55/(1-N55/100),1)) | R55: =IF(M55="","",ROUND(M55/(1-N55/100),1)) | S55: Рис, гідролізат ізолята соєвого протеїну, тваринні жири, рослинна клітковина, мінеральні речовини, буряковий жом, гідролізована печінка птиці, соєва олія, риб'ячий жир, фруктоолігосахариди, олія огірочника (GLA), екстракт чорнобривців (лютеїн) | T55: гідролізат ізолята соєвого протеїну | U55: рис | V55: гідролізована печінка птиці | W55: 27500 | X55: 800 | AF55: 154 | AG55: оксид цинку / сульфат цинку | AK55: =IF(AF55="","",IF(AH55="",IFERROR(VLOOKUP(AG55,Довідник_мінералів!$A:$B,2,0),"-"),ROUND(IFERROR(VLOOKUP(AG55,Довідник_мінералів!$A:$B,2,0),0)*AH55/100+IFERROR(VLOOKUP(AI55,Довідник_мінералів!$A:$B,2,0),0)*AJ55/100,0))) | AL55: 42 | AM55: сульфат заліза(II) | AQ55: =IF(AL55="","",IF(AN55="",IFERROR(VLOOKUP(AM55,Довідник_мінералів!$A:$B,2,0),"-"),ROUND(IFERROR(VLOOKUP(AM55,Довідник_мінералів!$A:$B,2,0),0)*AN55/100+IFERROR(VLOOKUP(AO55,Довідник_мінералів!$A:$B,2,0),0)*AP55/100,0))) | AR55: 15 | AS55: сульфат міді | AU55: =IF(AR55="","",IFERROR(VLOOKUP(AS55,Довідник_мінералів!$A:$B,2,0),"-")) | AV55: 55 | AW55: оксид марганцю | AY55: =IF(AV55="","",IFERROR(VLOOKUP(AW55,Довідник_мінералів!$A:$B,2,0),"-")) | AZ55: 0.26 | BA55: селеніт натрію | BB55: =IF(SE55="","",IFERROR(VLOOKUP(BA55,Довідник_мінералів!$A:$B,2,0),"-")) | BC55: 3.8 | BD55: EPA/DHA 3.3 г/кг; Омега-3 9.5 г/кг; лінолева 42.7 г/кг; олія огірочника (GLA); клиноптилоліт 10 г
A56: rc_hypoallergenic_wet_dog | B56: Royal Canin | C56: Hypoallergenic | D56: Hypoallergenic (вологий) | E56: вологий | F56: собака | G56: алергія / IBD | I56: https://www.royalcanin.com/ua/dogs/products/vet-products/hypoallergenic-wet | J56: 6.4 | K56: 3.5 | L56: 1.5 | M56: 2 | N56: 74 | O56: =IF(J56="","",ROUND(J56/(1-N56/100),1)) | P56: =IF(K56="","",ROUND(K56/(1-N56/100),1)) | Q56: =IF(L56="","",ROUND(L56/(1-N56/100),1)) | R56: =IF(M56="","",ROUND(M56/(1-N56/100),1)) | S56: М'ясо та м'ясні субпродукти, злаки, мінеральні речовини, гідролізовані протеїни | T56: гідролізовані протеїни | U56: злаки | W56: 3000 | X56: 320 | AF56: 36 | AG56: оксид цинку / сульфат цинку | AK56: =IF(AF56="","",IF(AH56="",IFERROR(VLOOKUP(AG56,Довідник_мінералів!$A:$B,2,0),"-"),ROUND(IFERROR(VLOOKUP(AG56,Довідник_мінералів!$A:$B,2,0),0)*AH56/100+IFERROR(VLOOKUP(AI56,Довідник_мінералів!$A:$B,2,0),0)*AJ56/100,0))) | AL56: 11 | AM56: сульфат заліза(II) | AQ56: =IF(AL56="","",IF(AN56="",IFERROR(VLOOKUP(AM56,Довідник_мінералів!$A:$B,2,0),"-"),ROUND(IFERROR(VLOOKUP(AM56,Довідник_мінералів!$A:$B,2,0),0)*AN56/100+IFERROR(VLOOKUP(AO56,Довідник_мінералів!$A:$B,2,0),0)*AP56/100,0))) | AR56: 3.8 | AS56: сульфат міді | AU56: =IF(AR56="","",IFERROR(VLOOKUP(AS56,Довідник_мінералів!$A:$B,2,0),"-")) | AV56: 15 | AW56: оксид марганцю | AY56: =IF(AV56="","",IFERROR(VLOOKUP(AW56,Довідник_мінералів!$A:$B,2,0),"-")) | BB56: =IF(SE56="","",IFERROR(VLOOKUP(BA56,Довідник_мінералів!$A:$B,2,0),"-")) | BC56: 1 | BD56: EPA/DHA 0.12%; лінолева 1.4%; вологість 74%; клиноптилоліт 2.5 г
A57: rc_anallergenic_dry_dog | B57: Royal Canin | C57: Anallergenic | D57: Anallergenic (сухий) | E57: сухий | F57: собака | G57: важка алергія / елімінаційна дієта | I57: https://www.royalcanin.com/ua/dogs/products/vet-products/anallergenic-4014 | J57: 18 | K57: 16.5 | L57: 1.7 | M57: 6.5 | O57: =IF(J57="","",ROUND(J57/(1-N57/100),1)) | P57: =IF(K57="","",ROUND(K57/(1-N57/100),1)) | Q57: =IF(L57="","",ROUND(L57/(1-N57/100),1)) | R57: =IF(M57="","",ROUND(M57/(1-N57/100),1)) | S57: Кукурудзяний крохмаль, пір'євий гідролізат малої молекулярної ваги (L-амінокислоти та олігопептиди), кокосова олія, соєва олія, мінеральні речовини, рослинна клітковина, екстракт цикорію, фруктоолігосахариди, риб'ячий жир, тваринний жир, екстракт чорнобривців (лютеїн) | T57: пір'євий гідролізат малої молекулярної ваги | U57: кукурудзяний крохмаль | V57: кокосова олія | W57: 36500 | X57: 800 | AF57: 154 | AG57: оксид цинку / сульфат цинку | AK57: =IF(AF57="","",IF(AH57="",IFERROR(VLOOKUP(AG57,Довідник_мінералів!$A:$B,2,0),"-"),ROUND(IFERROR(VLOOKUP(AG57,Довідник_мінералів!$A:$B,2,0),0)*AH57/100+IFERROR(VLOOKUP(AI57,Довідник_мінералів!$A:$B,2,0),0)*AJ57/100,0))) | AL57: 42 | AM57: сульфат заліза(II) | AQ57: =IF(AL57="","",IF(AN57="",IFERROR(VLOOKUP(AM57,Довідник_мінералів!$A:$B,2,0),"-"),ROUND(IFERROR(VLOOKUP(AM57,Довідник_мінералів!$A:$B,2,0),0)*AN57/100+IFERROR(VLOOKUP(AO57,Довідник_мінералів!$A:$B,2,0),0)*AP57/100,0))) | AR57: 15 | AS57: сульфат міді | AU57: =IF(AR57="","",IFERROR(VLOOKUP(AS57,Довідник_мінералів!$A:$B,2,0),"-")) | AV57: 55 | AW57: оксид марганцю | AY57: =IF(AV57="","",IFERROR(VLOOKUP(AW57,Довідник_мінералів!$A:$B,2,0),"-")) | AZ57: 0.26 | BA57: селеніт натрію | BB57: =IF(SE57="","",IFERROR(VLOOKUP(BA57,Довідник_мінералів!$A:$B,2,0),"-")) | BC57: 3.8 | BD57: Єдиний білок: пір'євий гідролізат; лінолева 27.2 г/кг; клиноптилоліт 8.48 г; для важкої алергії
A58: rc_urinary_so_dry_dog | B58: Royal Canin | C58: Urinary S/O | D58: Urinary S/O (сухий) | E58: сухий | F58: собака | G58: МКХ струвіти + оксалати | I58: https://www.royalcanin.com/ua/dogs/products/vet-products/urinary-so-dog-dry | J58: 18 | K58: 17 | L58: 2.2 | M58: 6.4 | O58: =IF(J58="","",ROUND(J58/(1-N58/100),1)) | P58: =IF(K58="","",ROUND(K58/(1-N58/100),1)) | Q58: =IF(L58="","",ROUND(L58/(1-N58/100),1)) | R58: =IF(M58="","",ROUND(M58/(1-N58/100),1)) | S58: Рис, кукурудзяна мука, дегідратовані білки птиці, тваринні жири, кукурудзяна клейковина, гідролізат білків тваринного походження, мінеральні речовини, рослинна клітковина, яєчний порошок, пшенична клейковина (L.I.P.), соєва олія, риб'ячий жир, фруктоолігосахариди | T58: рис | U58: дегідратовані білки птиці | V58: яєчний порошок | W58: 15500 | X58: 1000 | AF58: 147 | AG58: оксид цинку / сульфат цинку | AK58: =IF(AF58="","",IF(AH58="",IFERROR(VLOOKUP(AG58,Довідник_мінералів!$A:$B,2,0),"-"),ROUND(IFERROR(VLOOKUP(AG58,Довідник_мінералів!$A:$B,2,0),0)*AH58/100+IFERROR(VLOOKUP(AI58,Довідник_мінералів!$A:$B,2,0),0)*AJ58/100,0))) | AL58: 44 | AM58: сульфат заліза(II) | AQ58: =IF(AL58="","",IF(AN58="",IFERROR(VLOOKUP(AM58,Довідник_мінералів!$A:$B,2,0),"-"),ROUND(IFERROR(VLOOKUP(AM58,Довідник_мінералів!$A:$B,2,0),0)*AN58/100+IFERROR(VLOOKUP(AO58,Довідник_мінералів!$A:$B,2,0),0)*AP58/100,0))) | AR58: 13 | AS58: сульфат міді | AU58: =IF(AR58="","",IFERROR(VLOOKUP(AS58,Довідник_мінералів!$A:$B,2,0),"-")) | AV58: 57 | AW58: оксид марганцю | AY58: =IF(AV58="","",IFERROR(VLOOKUP(AW58,Довідник_мінералів!$A:$B,2,0),"-")) | AZ58: 0.06 | BA58: селеніт натрію | BB58: =IF(SE58="","",IFERROR(VLOOKUP(BA58,Довідник_мінералів!$A:$B,2,0),"-")) | BC58: 4.4 | BD58: Ca 0.5%; P 0.5%; Na 1.1%; Mg 0.04%; EPA/DHA 0.21%; підкислювачі: Ca сульфат 0.88%, DL-метіонін 0.6%
A59: rc_urinary_so_small_dry_dog | B59: Royal Canin | C59: Urinary S/O Small Dog | D59: Urinary S/O Small Dog (сухий) | E59: сухий | F59: собака | G59: МКХ малі породи | I59: https://www.royalcanin.com/ua/dogs/products/vet-products/urinary-so-small-dog-dry | J59: 20 | K59: 17 | L59: 2.3 | M59: 7.3 | O59: =IF(J59="","",ROUND(J59/(1-N59/100),1)) | P59: =IF(K59="","",ROUND(K59/(1-N59/100),1)) | Q59: =IF(L59="","",ROUND(L59/(1-N59/100),1)) | R59: =IF(M59="","",ROUND(M59/(1-N59/100),1)) | S59: Рис, кукурудзяна мука, дегідратовані білки птиці, тваринні жири, кукурудзяна клейковина, гідролізат білків тваринного походження, мінеральні речовини, рослинна клітковина, яєчний порошок, пшенична клейковина (L.I.P.), соєва олія, риб'ячий жир, фруктоолігосахариди | T59: рис | U59: дегідратовані білки птиці | V59: яєчний порошок | W59: 16000 | X59: 1000 | AF59: 148 | AG59: оксид цинку / сульфат цинку | AK59: =IF(AF59="","",IF(AH59="",IFERROR(VLOOKUP(AG59,Довідник_мінералів!$A:$B,2,0),"-"),ROUND(IFERROR(VLOOKUP(AG59,Довідник_мінералів!$A:$B,2,0),0)*AH59/100+IFERROR(VLOOKUP(AI59,Довідник_мінералів!$A:$B,2,0),0)*AJ59/100,0))) | AL59: 47 | AM59: сульфат заліза(II) | AQ59: =IF(AL59="","",IF(AN59="",IFERROR(VLOOKUP(AM59,Довідник_мінералів!$A:$B,2,0),"-"),ROUND(IFERROR(VLOOKUP(AM59,Довідник_мінералів!$A:$B,2,0),0)*AN59/100+IFERROR(VLOOKUP(AO59,Довідник_мінералів!$A:$B,2,0),0)*AP59/100,0))) | AR59: 14 | AS59: сульфат міді | AU59: =IF(AR59="","",IFERROR(VLOOKUP(AS59,Довідник_мінералів!$A:$B,2,0),"-")) | AV59: 61 | AW59: оксид марганцю | AY59: =IF(AV59="","",IFERROR(VLOOKUP(AW59,Довідник_мінералів!$A:$B,2,0),"-")) | AZ59: 0.06 | BA59: селеніт натрію | BB59: =IF(SE59="","",IFERROR(VLOOKUP(BA59,Довідник_мінералів!$A:$B,2,0),"-")) | BC59: 4.7 | BD59: Ca 0.7%; P 0.7%; Na 1.2%; Mg 0.05%; EPA/DHA 0.22%; підкислювачі: Ca сульфат 0.8%, DL-метіонін 0.45%
A60: rc_urinary_uc_dry_dog | B60: Royal Canin | C60: Urinary UC | D60: Urinary UC (сухий) | E60: сухий | F60: собака | G60: МКХ урати + цистинові камені | I60: https://www.royalcanin.com/ua/dogs/products/vet-products/urinary-uc | J60: 18 | K60: 15 | L60: 2.2 | M60: 5.3 | O60: =IF(J60="","",ROUND(J60/(1-N60/100),1)) | P60: =IF(K60="","",ROUND(K60/(1-N60/100),1)) | Q60: =IF(L60="","",ROUND(L60/(1-N60/100),1)) | R60: =IF(M60="","",ROUND(M60/(1-N60/100),1)) | S60: Рис, кукурудзяне борошно, пшеничне борошно, тваринні жири, яєчний порошок, пшеничний глютен (L.I.P.), кукурудзяний глютен, мінеральні речовини, рослинна клітковина, риб'ячий жир, соєва олія, фруктоолігосахариди, олія огірочника, екстракт чорнобривців | T60: яєчний порошок | U60: пшеничний глютен (L.I.P.) | V60: кукурудзяний глютен | W60: 30000 | X60: 800 | AF60: 147 | AG60: оксид цинку / сульфат цинку | AK60: =IF(AF60="","",IF(AH60="",IFERROR(VLOOKUP(AG60,Довідник_мінералів!$A:$B,2,0),"-"),ROUND(IFERROR(VLOOKUP(AG60,Довідник_мінералів!$A:$B,2,0),0)*AH60/100+IFERROR(VLOOKUP(AI60,Довідник_мінералів!$A:$B,2,0),0)*AJ60/100,0))) | AL60: 63 | AM60: сульфат заліза(II) | AQ60: =IF(AL60="","",IF(AN60="",IFERROR(VLOOKUP(AM60,Довідник_мінералів!$A:$B,2,0),"-"),ROUND(IFERROR(VLOOKUP(AM60,Довідник_мінералів!$A:$B,2,0),0)*AN60/100+IFERROR(VLOOKUP(AO60,Довідник_мінералів!$A:$B,2,0),0)*AP60/100,0))) | AR60: 14 | AS60: сульфат міді | AU60: =IF(AR60="","",IFERROR(VLOOKUP(AS60,Довідник_мінералів!$A:$B,2,0),"-")) | AV60: 66 | AW60: оксид марганцю | AY60: =IF(AV60="","",IFERROR(VLOOKUP(AW60,Довідник_мінералів!$A:$B,2,0),"-")) | AZ60: 0.16 | BA60: селеніт натрію | BB60: =IF(SE60="","",IFERROR(VLOOKUP(BA60,Довідник_мінералів!$A:$B,2,0),"-")) | BC60: 5.3 | BD60: Na 0.3%; K 0.9%; підлужувачі: карбонат Ca 1.77%, цитрат K 0.2%; для уратів/цистину; до 1 року
A61: rc_diabetic_dry_dog | B61: Royal Canin | C61: Diabetic | D61: Diabetic (сухий) | E61: сухий | F61: собака | G61: цукровий діабет | I61: https://www.royalcanin.com/ua/dogs/products/vet-products/diabetic-4086 | J61: 37 | K61: 12 | L61: 6.5 | M61: 5.3 | O61: =IF(J61="","",ROUND(J61/(1-N61/100),1)) | P61: =IF(K61="","",ROUND(K61/(1-N61/100),1)) | Q61: =IF(L61="","",ROUND(L61/(1-N61/100),1)) | R61: =IF(M61="","",ROUND(M61/(1-N61/100),1)) | S61: Дегідратовані протеїни м'яса птиці (L.I.P.), рис, пшениця, ячмінь, тваринні жири, кукурудзяний глютен, тапіока, гідролізат білків тваринного походження, рослинна клітковина, мінеральні речовини, риб'ячий жир, соєва олія, оболонка та насіння подорожника, фруктоолігосахариди | T61: дегідратовані протеїни м'яса птиці (L.I.P.) | U61: рис | V61: ячмінь | W61: 15500 | X61: 1000 | AF61: 125 | AG61: оксид цинку / сульфат цинку | AK61: =IF(AF61="","",IF(AH61="",IFERROR(VLOOKUP(AG61,Довідник_мінералів!$A:$B,2,0),"-"),ROUND(IFERROR(VLOOKUP(AG61,Довідник_мінералів!$A:$B,2,0),0)*AH61/100+IFERROR(VLOOKUP(AI61,Довідник_мінералів!$A:$B,2,0),0)*AJ61/100,0))) | AL61: 33 | AM61: сульфат заліза(II) | AQ61: =IF(AL61="","",IF(AN61="",IFERROR(VLOOKUP(AM61,Довідник_мінералів!$A:$B,2,0),"-"),ROUND(IFERROR(VLOOKUP(AM61,Довідник_мінералів!$A:$B,2,0),0)*AN61/100+IFERROR(VLOOKUP(AO61,Довідник_мінералів!$A:$B,2,0),0)*AP61/100,0))) | AR61: 10 | AS61: сульфат міді | AU61: =IF(AR61="","",IFERROR(VLOOKUP(AS61,Довідник_мінералів!$A:$B,2,0),"-")) | AV61: 43 | AW61: оксид марганцю | AY61: =IF(AV61="","",IFERROR(VLOOKUP(AW61,Довідник_мінералів!$A:$B,2,0),"-")) | AZ61: 0.05 | BA61: селеніт натрію | BB61: =IF(SE61="","",IFERROR(VLOOKUP(BA61,Довідник_мінералів!$A:$B,2,0),"-")) | BC61: 3.4 | BD61: Крохмаль 19.1%; цукри 0.55%; низький ГІ; вуглеводи з ячменю+рису+тапіоки; клітковина 6.5%
A62: rc_satiety_dry_dog | B62: Royal Canin | C62: Satiety Weight Management | D62: Satiety Weight Management (сухий) | E62: сухий | F62: собака | G62: ожиріння / зайва вага | I62: https://www.royalcanin.com/ua/dogs/products/vet-products/satiety-weight-management-3948 | J62: 30 | K62: 9.5 | L62: 17 | M62: 5.8 | O62: =IF(J62="","",ROUND(J62/(1-N62/100),1)) | P62: =IF(K62="","",ROUND(K62/(1-N62/100),1)) | Q62: =IF(L62="","",ROUND(L62/(1-N62/100),1)) | R62: =IF(M62="","",ROUND(M62/(1-N62/100),1)) | S62: Дегідратовані протеїни м'яса птиці (L.I.P.), рис, рослинна клітковина, пшениця, тваринні жири, кукурудзяний глютен, гідролізат білків тваринного походження, мінеральні речовини, риб'ячий жир, соєва олія, оболонка та насіння подорожника, фруктоолігосахариди | T62: дегідратовані протеїни м'яса птиці (L.I.P.) | U62: рослинна клітковина | V62: рис | W62: 19000 | X62: 1000 | AF62: 137 | AG62: оксид цинку / сульфат цинку | AK62: =IF(AF62="","",IF(AH62="",IFERROR(VLOOKUP(AG62,Довідник_мінералів!$A:$B,2,0),"-"),ROUND(IFERROR(VLOOKUP(AG62,Довідник_мінералів!$A:$B,2,0),0)*AH62/100+IFERROR(VLOOKUP(AI62,Довідник_мінералів!$A:$B,2,0),0)*AJ62/100,0))) | AL62: 35 | AM62: сульфат заліза(II) | AQ62: =IF(AL62="","",IF(AN62="",IFERROR(VLOOKUP(AM62,Довідник_мінералів!$A:$B,2,0),"-"),ROUND(IFERROR(VLOOKUP(AM62,Довідник_мінералів!$A:$B,2,0),0)*AN62/100+IFERROR(VLOOKUP(AO62,Довідник_мінералів!$A:$B,2,0),0)*AP62/100,0))) | AR62: 11 | AS62: сульфат міді | AU62: =IF(AR62="","",IFERROR(VLOOKUP(AS62,Довідник_мінералів!$A:$B,2,0),"-")) | AV62: 46 | AW62: оксид марганцю | AY62: =IF(AV62="","",IFERROR(VLOOKUP(AW62,Довідник_мінералів!$A:$B,2,0),"-")) | AZ62: 0.06 | BA62: селеніт натрію | BB62: =IF(SE62="","",IFERROR(VLOOKUP(BA62,Довідник_мінералів!$A:$B,2,0),"-")) | BC62: 3.5 | BD62: ДУЖЕ ВИСОКА клітковина 17%; L.I.P. білки; S/O index; L-карнітин
A63: farm_nd_prime_chicken_adult_cat | B63: Farmina | C63: N&D Prime GF | D63: N&D Prime Chicken & Pomegranate Adult (сухий) | E63: сухий | F63: кіт | G63: здоровий дорослий | H63: 4178 | I63: https://www.farmina.com/ua | J63: 42 | K63: 20 | L63: 1.8 | M63: 8.9 | N63: 8 | O63: =IF(J63="","",ROUND(J63/(1-N63/100),1)) | P63: =IF(K63="","",ROUND(K63/(1-N63/100),1)) | Q63: =IF(L63="","",ROUND(L63/(1-N63/100),1)) | R63: =IF(M63="","",ROUND(M63/(1-N63/100),1)) | S63: Свіже м'ясо курки без кісток (28%), дегідратоване м'ясо курки (26%), картопля, курячий жир, дегідратовані цілі яйця, свіжий оселедець, дегідратований оселедець, риб'ячий жир, гідролізат тваринних білків, волокна гороху, сушена морква, сушена люцерна, інулін, ФОС, МОС, порошок граната (0.5%), подорожник (0.3%), хлорид натрію, дріжджі пивні, куркума (0.2%), глюкозамін, хондроїтин сульфат, екстракт календули | T63: свіже м'ясо курки без кісток (28%) | U63: дегідратоване м'ясо курки (26%) | V63: яйця | W63: 18000 | X63: 1200 | Y63: 600 | Z63: 300 | AA63: 5000 | AB63: 20 | AC63: 8.1 | AD63: 10 | AE63: 0.1 | AF63: 163.8 | AG63: хелат цинку гідрокси-аналогу метіоніну | AK63: =IF(AF63="","",IF(AH63="",IFERROR(VLOOKUP(AG63,Довідник_мінералів!$A:$B,2,0),"-"),ROUND(IFERROR(VLOOKUP(AG63,Довідник_мінералів!$A:$B,2,0),0)*AH63/100+IFERROR(VLOOKUP(AI63,Довідник_мінералів!$A:$B,2,0),0)*AJ63/100,0))) | AL63: 58.3 | AM63: хелат заліза гідрату гліцину | AQ63: =IF(AL63="","",IF(AN63="",IFERROR(VLOOKUP(AM63,Довідник_мінералів!$A:$B,2,0),"-"),ROUND(IFERROR(VLOOKUP(AM63,Довідник_мінералів!$A:$B,2,0),0)*AN63/100+IFERROR(VLOOKUP(AO63,Довідник_мінералів!$A:$B,2,0),0)*AP63/100,0))) | AR63: 15.8 | AS63: хелат міді гідрокси-аналогу метіоніну | AU63: =IF(AR63="","",IFERROR(VLOOKUP(AS63,Довідник_мінералів!$A:$B,2,0),"-")) | AV63: 64.6 | AW63: хелат марганцю гідрокси-аналогу метіоніну | AY63: =IF(AV63="","",IFERROR(VLOOKUP(AW63,Довідник_мінералів!$A:$B,2,0),"-")) | AZ63: 0.4 | BA63: селенометіонін | BB63: =IF(SE63="","",IFERROR(VLOOKUP(BA63,Довідник_мінералів!$A:$B,2,0),"-")) | BD63: Ca 1.6%; P 1.3%; Mg 0.11%; Омега-6 3.4%; Омега-3 0.9%; DHA 0.5%; EPA 0.3%; глюкозамін 1200 мг/кг; хондроїтин 900 мг/кг; куркума; алое вера
A64: farm_nd_prime_lamb_adult_cat | B64: Farmina | C64: N&D Prime GF | D64: N&D Prime Lamb & Blueberry Adult (сухий) | E64: сухий | F64: кіт | G64: здоровий дорослий / алергія на птицю | H64: 4178 | I64: https://www.farmina.com/ua | J64: 42 | K64: 20 | L64: 1.8 | M64: 8.9 | N64: 8 | O64: =IF(J64="","",ROUND(J64/(1-N64/100),1)) | P64: =IF(K64="","",ROUND(K64/(1-N64/100),1)) | Q64: =IF(L64="","",ROUND(L64/(1-N64/100),1)) | R64: =IF(M64="","",ROUND(M64/(1-N64/100),1)) | S64: Свіже м'ясо ягняти без кісток (28%), дегідратоване м'ясо ягняти (26%), картопля, курячий жир, дегідратовані цілі яйця, свіжий оселедець, дегідратований оселедець, риб'ячий жир, гідролізат тваринних білків, волокна гороху, сушена морква, сушена люцерна, інулін, ФОС, МОС, порошок чорниці (0.5%), подорожник (0.3%), куркума (0.2%), глюкозамін, хондроїтин сульфат | T64: свіже м'ясо ягняти без кісток (28%) | U64: дегідратоване м'ясо ягняти (26%) | V64: яйця | W64: 18000 | X64: 1200 | Y64: 600 | Z64: 300 | AA64: 5000 | AB64: 20 | AC64: 8.1 | AD64: 10 | AE64: 0.1 | AF64: 163.8 | AG64: хелат цинку гідрокси-аналогу метіоніну | AK64: =IF(AF64="","",IF(AH64="",IFERROR(VLOOKUP(AG64,Довідник_мінералів!$A:$B,2,0),"-"),ROUND(IFERROR(VLOOKUP(AG64,Довідник_мінералів!$A:$B,2,0),0)*AH64/100+IFERROR(VLOOKUP(AI64,Довідник_мінералів!$A:$B,2,0),0)*AJ64/100,0))) | AL64: 58.3 | AM64: хелат заліза гідрату гліцину | AQ64: =IF(AL64="","",IF(AN64="",IFERROR(VLOOKUP(AM64,Довідник_мінералів!$A:$B,2,0),"-"),ROUND(IFERROR(VLOOKUP(AM64,Довідник_мінералів!$A:$B,2,0),0)*AN64/100+IFERROR(VLOOKUP(AO64,Довідник_мінералів!$A:$B,2,0),0)*AP64/100,0))) | AR64: 15.8 | AS64: хелат міді гідрокси-аналогу метіоніну | AU64: =IF(AR64="","",IFERROR(VLOOKUP(AS64,Довідник_мінералів!$A:$B,2,0),"-")) | AV64: 64.6 | AW64: хелат марганцю гідрокси-аналогу метіоніну | AY64: =IF(AV64="","",IFERROR(VLOOKUP(AW64,Довідник_мінералів!$A:$B,2,0),"-")) | AZ64: 0.4 | BA64: селенометіонін | BB64: =IF(SE64="","",IFERROR(VLOOKUP(BA64,Довідник_мінералів!$A:$B,2,0),"-")) | BD64: Ca 1.6%; P 1.3%; Омега-6 3.4%; Омега-3 0.9%; DHA 0.5%; EPA 0.3%; НОВЕЛЬНИЙ БІЛОК для алергіків
A65: farm_nd_prime_neutered_cat | B65: Farmina | C65: N&D Prime GF | D65: N&D Prime Chicken Neutered Adult (сухий) | E65: сухий | F65: кіт | G65: стерилізовані | H65: 4178 | I65: https://www.farmina.com/ua | J65: 46 | K65: 11 | L65: 5.1 | M65: 8.9 | N65: 8 | O65: =IF(J65="","",ROUND(J65/(1-N65/100),1)) | P65: =IF(K65="","",ROUND(K65/(1-N65/100),1)) | Q65: =IF(L65="","",ROUND(L65/(1-N65/100),1)) | R65: =IF(M65="","",ROUND(M65/(1-N65/100),1)) | S65: Свіже куряче філе (30%), дегідратоване куряче м'ясо (28%), картопля, курячий жир, дегідратовані цілі яйця, свіжий оселедець, дегідратований оселедець, риб'ячий жир, гідролізат тваринного білка, волокна гороху, сушена морква, сушена люцерна, інулін, ФОС, МОС, порошок граната (0.5%), подорожник (0.3%), порошок чорниці, куркума (0.2%), глюкозамін, хондроїтин сульфат | T65: свіже куряче філе (30%) | U65: дегідратоване куряче м'ясо (28%) | V65: яйця | W65: 18000 | X65: 1200 | Y65: 600 | Z65: 300 | AA65: 5000 | AB65: 20 | AC65: 8.1 | AD65: 10 | AE65: 0.1 | AF65: 163.8 | AG65: хелат цинку гідрокси-аналогу метіоніну | AK65: =IF(AF65="","",IF(AH65="",IFERROR(VLOOKUP(AG65,Довідник_мінералів!$A:$B,2,0),"-"),ROUND(IFERROR(VLOOKUP(AG65,Довідник_мінералів!$A:$B,2,0),0)*AH65/100+IFERROR(VLOOKUP(AI65,Довідник_мінералів!$A:$B,2,0),0)*AJ65/100,0))) | AL65: 58.3 | AM65: хелат заліза гідрату гліцину | AQ65: =IF(AL65="","",IF(AN65="",IFERROR(VLOOKUP(AM65,Довідник_мінералів!$A:$B,2,0),"-"),ROUND(IFERROR(VLOOKUP(AM65,Довідник_мінералів!$A:$B,2,0),0)*AN65/100+IFERROR(VLOOKUP(AO65,Довідник_мінералів!$A:$B,2,0),0)*AP65/100,0))) | AR65: 15.8 | AS65: хелат міді гідрокси-аналогу метіоніну | AU65: =IF(AR65="","",IFERROR(VLOOKUP(AS65,Довідник_мінералів!$A:$B,2,0),"-")) | AV65: 64.6 | AW65: хелат марганцю гідрокси-аналогу метіоніну | AY65: =IF(AV65="","",IFERROR(VLOOKUP(AW65,Довідник_мінералів!$A:$B,2,0),"-")) | AZ65: 0.4 | BA65: селенометіонін | BB65: =IF(SE65="","",IFERROR(VLOOKUP(BA65,Довідник_мінералів!$A:$B,2,0),"-")) | BD65: Ca 1.5%; P 1.3%; Mg 0.09%; Омега-6 2.0%; Омега-3 0.45%; DHA 0.3%; EPA 0.1%; глюкозамін; хондроїтин; ЗНИЖЕНИЙ ЖИР для стерилізованих
A66: farm_nd_prime_kitten_cat | B66: Farmina | C66: N&D Prime GF | D66: N&D Prime Chicken Kitten (сухий) | E66: сухий | F66: кіт | G66: кошенята | I66: https://www.farmina.com/ua | J66: 44 | K66: 19 | L66: 1.8 | M66: 8.5 | N66: 8 | O66: =IF(J66="","",ROUND(J66/(1-N66/100),1)) | P66: =IF(K66="","",ROUND(K66/(1-N66/100),1)) | Q66: =IF(L66="","",ROUND(L66/(1-N66/100),1)) | R66: =IF(M66="","",ROUND(M66/(1-N66/100),1)) | S66: Свіже куряче філе (28%), дегідратоване куряче м'ясо (26%), картопля, курячий жир, дегідратовані цілі яйця, свіжий оселедець, дегідратований оселедець, риб'ячий жир, волокна гороху, сушена морква, сушена люцерна, інулін, ФОС, МОС | T66: свіже куряче філе (28%) | U66: дегідратоване куряче м'ясо (26%) | V66: яйця | W66: 18000 | X66: 1200 | Y66: 600 | Z66: 300 | AA66: 5000 | AB66: 20 | AC66: 8.1 | AD66: 10 | AE66: 0.1 | AF66: 163.8 | AG66: хелат цинку гідрокси-аналогу метіоніну | AK66: =IF(AF66="","",IF(AH66="",IFERROR(VLOOKUP(AG66,Довідник_мінералів!$A:$B,2,0),"-"),ROUND(IFERROR(VLOOKUP(AG66,Довідник_мінералів!$A:$B,2,0),0)*AH66/100+IFERROR(VLOOKUP(AI66,Довідник_мінералів!$A:$B,2,0),0)*AJ66/100,0))) | AL66: 58.3 | AM66: хелат заліза гідрату гліцину | AQ66: =IF(AL66="","",IF(AN66="",IFERROR(VLOOKUP(AM66,Довідник_мінералів!$A:$B,2,0),"-"),ROUND(IFERROR(VLOOKUP(AM66,Довідник_мінералів!$A:$B,2,0),0)*AN66/100+IFERROR(VLOOKUP(AO66,Довідник_мінералів!$A:$B,2,0),0)*AP66/100,0))) | AR66: 15.8 | AS66: хелат міді гідрокси-аналогу метіоніну | AU66: =IF(AR66="","",IFERROR(VLOOKUP(AS66,Довідник_мінералів!$A:$B,2,0),"-")) | AV66: 64.6 | AW66: хелат марганцю гідрокси-аналогу метіоніну | AY66: =IF(AV66="","",IFERROR(VLOOKUP(AW66,Довідник_мінералів!$A:$B,2,0),"-")) | AZ66: 0.4 | BA66: селенометіонін | BB66: =IF(SE66="","",IFERROR(VLOOKUP(BA66,Довідник_мінералів!$A:$B,2,0),"-")) | BD66: Ca 1.5%; P 1.1%; DHA з риб'ячого жиру; підвищений Ca/P для росту
A67: farm_nd_quinoa_digest_cat | B67: Farmina | C67: N&D Quinoa | D67: N&D Quinoa Digestion Lamb (сухий) | E67: сухий | F67: кіт | G67: ШКТ / чутливе травлення | H67: 4178 | I67: https://www.farmina.com/ua | J67: 42 | K67: 20 | L67: 1.8 | M67: 8.9 | N67: 8 | O67: =IF(J67="","",ROUND(J67/(1-N67/100),1)) | P67: =IF(K67="","",ROUND(K67/(1-N67/100),1)) | Q67: =IF(L67="","",ROUND(L67/(1-N67/100),1)) | R67: =IF(M67="","",ROUND(M67/(1-N67/100),1)) | S67: Свіже м'ясо ягняти без кісток (28%), дегідратоване м'ясо ягняти (26%), картопля, курячий жир, екстракт насіння кіноа, яйця, риб'ячий жир, волокна гороху, артишок, фенхель, м'ята, ФОС, МОС, інулін, куркума | T67: свіже м'ясо ягняти без кісток (28%) | U67: дегідратоване м'ясо ягняти (26%) | V67: кіноа | W67: 18000 | X67: 1200 | Y67: 600 | Z67: 300 | AA67: 5000 | AB67: 20 | AC67: 8.1 | AD67: 10 | AE67: 0.1 | AF67: 163.8 | AG67: хелат цинку гідрокси-аналогу метіоніну | AK67: =IF(AF67="","",IF(AH67="",IFERROR(VLOOKUP(AG67,Довідник_мінералів!$A:$B,2,0),"-"),ROUND(IFERROR(VLOOKUP(AG67,Довідник_мінералів!$A:$B,2,0),0)*AH67/100+IFERROR(VLOOKUP(AI67,Довідник_мінералів!$A:$B,2,0),0)*AJ67/100,0))) | AL67: 58.3 | AM67: хелат заліза гідрату гліцину | AQ67: =IF(AL67="","",IF(AN67="",IFERROR(VLOOKUP(AM67,Довідник_мінералів!$A:$B,2,0),"-"),ROUND(IFERROR(VLOOKUP(AM67,Довідник_мінералів!$A:$B,2,0),0)*AN67/100+IFERROR(VLOOKUP(AO67,Довідник_мінералів!$A:$B,2,0),0)*AP67/100,0))) | AR67: 15.8 | AS67: хелат міді гідрокси-аналогу метіоніну | AU67: =IF(AR67="","",IFERROR(VLOOKUP(AS67,Довідник_мінералів!$A:$B,2,0),"-")) | AV67: 64.6 | AW67: хелат марганцю гідрокси-аналогу метіоніну | AY67: =IF(AV67="","",IFERROR(VLOOKUP(AW67,Довідник_мінералів!$A:$B,2,0),"-")) | AZ67: 0.4 | BA67: селенометіонін | BB67: =IF(SE67="","",IFERROR(VLOOKUP(BA67,Довідник_мінералів!$A:$B,2,0),"-")) | BD67: Ca 1.6%; P 1.3%; Mg 0.11%; фенхель+артишок+м'ята — функціональна підтримка ШКТ; кіноа як пребіотик
A68: farm_nd_quinoa_urinary_cat | B68: Farmina | C68: N&D Quinoa | D68: N&D Quinoa Urinary Duck & Cranberry (сухий) | E68: сухий | F68: кіт | G68: МКХ / сечовивідна система | I68: https://www.farmina.com/ua | J68: 42 | K68: 16 | L68: 2.5 | M68: 8.5 | N68: 8 | O68: =IF(J68="","",ROUND(J68/(1-N68/100),1)) | P68: =IF(K68="","",ROUND(K68/(1-N68/100),1)) | Q68: =IF(L68="","",ROUND(L68/(1-N68/100),1)) | R68: =IF(M68="","",ROUND(M68/(1-N68/100),1)) | S68: Свіже м'ясо качки без кісток (28%), дегідратований качиний протеїн (26%), картопля, курячий жир, екстракт насіння кіноа, яйця, риб'ячий жир, волокна гороху, журавлина (0.5%), хмель, люцерна, ФОС, МОС, куркума | T68: свіже м'ясо качки без кісток (28%) | U68: дегідратований качиний протеїн (26%) | V68: кіноа | W68: 18000 | X68: 1200 | Y68: 600 | Z68: 300 | AA68: 5000 | AB68: 20 | AC68: 8.1 | AD68: 10 | AE68: 0.1 | AF68: 163.8 | AG68: хелат цинку гідрокси-аналогу метіоніну | AK68: =IF(AF68="","",IF(AH68="",IFERROR(VLOOKUP(AG68,Довідник_мінералів!$A:$B,2,0),"-"),ROUND(IFERROR(VLOOKUP(AG68,Довідник_мінералів!$A:$B,2,0),0)*AH68/100+IFERROR(VLOOKUP(AI68,Довідник_мінералів!$A:$B,2,0),0)*AJ68/100,0))) | AL68: 58.3 | AM68: хелат заліза гідрату гліцину | AQ68: =IF(AL68="","",IF(AN68="",IFERROR(VLOOKUP(AM68,Довідник_мінералів!$A:$B,2,0),"-"),ROUND(IFERROR(VLOOKUP(AM68,Довідник_мінералів!$A:$B,2,0),0)*AN68/100+IFERROR(VLOOKUP(AO68,Довідник_мінералів!$A:$B,2,0),0)*AP68/100,0))) | AR68: 15.8 | AS68: хелат міді гідрокси-аналогу метіоніну | AU68: =IF(AR68="","",IFERROR(VLOOKUP(AS68,Довідник_мінералів!$A:$B,2,0),"-")) | AV68: 64.6 | AW68: хелат марганцю гідрокси-аналогу метіоніну | AY68: =IF(AV68="","",IFERROR(VLOOKUP(AW68,Довідник_мінералів!$A:$B,2,0),"-")) | AZ68: 0.4 | BA68: селенометіонін | BB68: =IF(SE68="","",IFERROR(VLOOKUP(BA68,Довідник_мінералів!$A:$B,2,0),"-")) | BD68: Ca 1.2%; P 1.0%; журавлина — профілактика МКХ; хмель — антибактеріальна дія на сечовивідні шляхи
A69: farm_nd_quinoa_weight_cat | B69: Farmina | C69: N&D Quinoa | D69: N&D Quinoa Weight Management Lamb (сухий) | E69: сухий | F69: кіт | G69: зайва вага / ожиріння | I69: https://www.farmina.com/ua | J69: 40 | K69: 9 | L69: 10 | M69: 8.9 | N69: 8 | O69: =IF(J69="","",ROUND(J69/(1-N69/100),1)) | P69: =IF(K69="","",ROUND(K69/(1-N69/100),1)) | Q69: =IF(L69="","",ROUND(L69/(1-N69/100),1)) | R69: =IF(M69="","",ROUND(M69/(1-N69/100),1)) | S69: Свіже м'ясо ягняти без кісток (26%), дегідратоване м'ясо ягняти (24%), гороховий крохмаль, курячий жир, екстракт насіння кіноа, яйця, риб'ячий жир, волокна гороху, люцерна, L-карнітин, ФОС, МОС, куркума | T69: свіже м'ясо ягняти без кісток (26%) | U69: дегідратоване м'ясо ягняти (24%) | V69: кіноа | W69: 18000 | X69: 1200 | Y69: 600 | Z69: 300 | AA69: 5000 | AB69: 20 | AC69: 8.1 | AD69: 10 | AE69: 0.1 | AF69: 163.8 | AG69: хелат цинку гідрокси-аналогу метіоніну | AK69: =IF(AF69="","",IF(AH69="",IFERROR(VLOOKUP(AG69,Довідник_мінералів!$A:$B,2,0),"-"),ROUND(IFERROR(VLOOKUP(AG69,Довідник_мінералів!$A:$B,2,0),0)*AH69/100+IFERROR(VLOOKUP(AI69,Довідник_мінералів!$A:$B,2,0),0)*AJ69/100,0))) | AL69: 58.3 | AM69: хелат заліза гідрату гліцину | AQ69: =IF(AL69="","",IF(AN69="",IFERROR(VLOOKUP(AM69,Довідник_мінералів!$A:$B,2,0),"-"),ROUND(IFERROR(VLOOKUP(AM69,Довідник_мінералів!$A:$B,2,0),0)*AN69/100+IFERROR(VLOOKUP(AO69,Довідник_мінералів!$A:$B,2,0),0)*AP69/100,0))) | AR69: 15.8 | AS69: хелат міді гідрокси-аналогу метіоніну | AU69: =IF(AR69="","",IFERROR(VLOOKUP(AS69,Довідник_мінералів!$A:$B,2,0),"-")) | AV69: 64.6 | AW69: хелат марганцю гідрокси-аналогу метіоніну | AY69: =IF(AV69="","",IFERROR(VLOOKUP(AW69,Довідник_мінералів!$A:$B,2,0),"-")) | AZ69: 0.4 | BA69: селенометіонін | BB69: =IF(SE69="","",IFERROR(VLOOKUP(BA69,Довідник_мінералів!$A:$B,2,0),"-")) | BD69: ЗНИЖЕНИЙ ЖИР 9%; ВИСОКА КЛІТКОВИНА 10%; L-карнітин; для зниження ваги
A70: farm_nd_quinoa_skin_cat | B70: Farmina | C70: N&D Quinoa | D70: N&D Quinoa Skin & Coat Herring (сухий) | E70: сухий | F70: кіт | G70: шкіра та шерсть / алергія | I70: https://www.farmina.com/ua | J70: 40 | K70: 16 | L70: 2.5 | M70: 8.5 | N70: 8 | O70: =IF(J70="","",ROUND(J70/(1-N70/100),1)) | P70: =IF(K70="","",ROUND(K70/(1-N70/100),1)) | Q70: =IF(L70="","",ROUND(L70/(1-N70/100),1)) | R70: =IF(M70="","",ROUND(M70/(1-N70/100),1)) | S70: Свіже м'ясо оселедця без кісток (28%), дегідратований оселедець (26%), картопля, риб'ячий жир, екстракт насіння кіноа, яйця, кокос (2.5%), куркума (2.5%), ФОС, МОС, алое вера | T70: свіже м'ясо оселедця без кісток (28%) | U70: дегідратований оселедець (26%) | V70: кіноа | W70: 18000 | X70: 1200 | Y70: 600 | Z70: 300 | AA70: 5000 | AB70: 20 | AC70: 8.1 | AD70: 10 | AE70: 0.1 | AF70: 163.8 | AG70: хелат цинку гідрокси-аналогу метіоніну | AK70: =IF(AF70="","",IF(AH70="",IFERROR(VLOOKUP(AG70,Довідник_мінералів!$A:$B,2,0),"-"),ROUND(IFERROR(VLOOKUP(AG70,Довідник_мінералів!$A:$B,2,0),0)*AH70/100+IFERROR(VLOOKUP(AI70,Довідник_мінералів!$A:$B,2,0),0)*AJ70/100,0))) | AL70: 58.3 | AM70: хелат заліза гідрату гліцину | AQ70: =IF(AL70="","",IF(AN70="",IFERROR(VLOOKUP(AM70,Довідник_мінералів!$A:$B,2,0),"-"),ROUND(IFERROR(VLOOKUP(AM70,Довідник_мінералів!$A:$B,2,0),0)*AN70/100+IFERROR(VLOOKUP(AO70,Довідник_мінералів!$A:$B,2,0),0)*AP70/100,0))) | AR70: 15.8 | AS70: хелат міді гідрокси-аналогу метіоніну | AU70: =IF(AR70="","",IFERROR(VLOOKUP(AS70,Довідник_мінералів!$A:$B,2,0),"-")) | AV70: 64.6 | AW70: хелат марганцю гідрокси-аналогу метіоніну | AY70: =IF(AV70="","",IFERROR(VLOOKUP(AW70,Довідник_мінералів!$A:$B,2,0),"-")) | AZ70: 0.4 | BA70: селенометіонін | BB70: =IF(SE70="","",IFERROR(VLOOKUP(BA70,Довідник_мінералів!$A:$B,2,0),"-")) | BD70: НОВЕЛЬНИЙ БІЛОК (оселедець); кокос — MCT; куркума — протизапальна; для харчової алергії зі шкірними симптомами
A71: farm_nd_quinoa_neutered_cat | B71: Farmina | C71: N&D Quinoa | D71: N&D Quinoa Sterilized Lamb (сухий) | E71: сухий | F71: кіт | G71: стерилізовані | I71: https://www.farmina.com/ua | J71: 46 | K71: 11 | L71: 5.1 | M71: 8.9 | N71: 8 | O71: =IF(J71="","",ROUND(J71/(1-N71/100),1)) | P71: =IF(K71="","",ROUND(K71/(1-N71/100),1)) | Q71: =IF(L71="","",ROUND(L71/(1-N71/100),1)) | R71: =IF(M71="","",ROUND(M71/(1-N71/100),1)) | S71: М'ясо ягняти без кісток (32%), дегідратовані білки жуйних (ягня, яловичина) (30%), батат, дегідратований оселедець, гарбуз (5%), яйця, курячий жир, риб'ячий жир, свинячий жир, дегідратовані білки птиці, волокна гороху, морква, люцерна, інулін, ФОС, МОС, гранат, шпинат, подорожник, апельсин, яблука, куркума (0.2%), алое вера | T71: м'ясо ягняти без кісток (32%) | U71: дегідратовані білки жуйних (30%) | V71: гарбуз (5%) | W71: 18000 | X71: 1200 | Y71: 600 | Z71: 300 | AA71: 5000 | AB71: 20 | AC71: 8.1 | AD71: 10 | AE71: 0.1 | AF71: 163.8 | AG71: хелат цинку гідрокси-аналогу метіоніну | AK71: =IF(AF71="","",IF(AH71="",IFERROR(VLOOKUP(AG71,Довідник_мінералів!$A:$B,2,0),"-"),ROUND(IFERROR(VLOOKUP(AG71,Довідник_мінералів!$A:$B,2,0),0)*AH71/100+IFERROR(VLOOKUP(AI71,Довідник_мінералів!$A:$B,2,0),0)*AJ71/100,0))) | AL71: 58.3 | AM71: хелат заліза гідрату гліцину | AQ71: =IF(AL71="","",IF(AN71="",IFERROR(VLOOKUP(AM71,Довідник_мінералів!$A:$B,2,0),"-"),ROUND(IFERROR(VLOOKUP(AM71,Довідник_мінералів!$A:$B,2,0),0)*AN71/100+IFERROR(VLOOKUP(AO71,Довідник_мінералів!$A:$B,2,0),0)*AP71/100,0))) | AR71: 15.8 | AS71: хелат міді гідрокси-аналогу метіоніну | AU71: =IF(AR71="","",IFERROR(VLOOKUP(AS71,Довідник_мінералів!$A:$B,2,0),"-")) | AV71: 64.6 | AW71: хелат марганцю гідрокси-аналогу метіоніну | AY71: =IF(AV71="","",IFERROR(VLOOKUP(AW71,Довідник_мінералів!$A:$B,2,0),"-")) | AZ71: 0.4 | BA71: селенометіонін | BB71: =IF(SE71="","",IFERROR(VLOOKUP(BA71,Довідник_мінералів!$A:$B,2,0),"-")) | BD71: Ca 1.2%; P 1.0%; Mg 0.09%; DHA 0.3%; EPA 0.1%; гарбуз як функціональний інгредієнт
A72: farm_nd_quinoa_digest_wet_cat | B72: Farmina | C72: N&D Quinoa | D72: N&D Quinoa Digestion Lamb (вологий 80г) | E72: вологий | F72: кіт | G72: ШКТ / чутливе травлення | H72: 999 | I72: https://www.farmina.com/ua | J72: 12 | K72: 3.8 | L72: 0.8 | M72: 3.3 | N72: 75 | O72: =IF(J72="","",ROUND(J72/(1-N72/100),1)) | P72: =IF(K72="","",ROUND(K72/(1-N72/100),1)) | Q72: =IF(L72="","",ROUND(L72/(1-N72/100),1)) | R72: =IF(M72="","",ROUND(M72/(1-N72/100),1)) | S72: Каре ягняти і лопатки (45%), гідролізований рибний білок, екстракти насіння кіноа (5%), риб'ячий жир, артишок, фенхель, ФОС, МОС, пивні дріжджі, хондроїтин сульфат, глюкозамін | T72: каре ягняти і лопатки (45%) | U72: гідролізований рибний білок | V72: кіноа (5%) | W72: 4800 | X72: 320 | Y72: 160 | AA72: 800 | AF72: 36 | AG72: хелат цинку гідрокси-аналогу метіоніну | AK72: =IF(AF72="","",IF(AH72="",IFERROR(VLOOKUP(AG72,Довідник_мінералів!$A:$B,2,0),"-"),ROUND(IFERROR(VLOOKUP(AG72,Довідник_мінералів!$A:$B,2,0),0)*AH72/100+IFERROR(VLOOKUP(AI72,Довідник_мінералів!$A:$B,2,0),0)*AJ72/100,0))) | AL72: 16.8 | AM72: хелат заліза гідрату гліцину | AQ72: =IF(AL72="","",IF(AN72="",IFERROR(VLOOKUP(AM72,Довідник_мінералів!$A:$B,2,0),"-"),ROUND(IFERROR(VLOOKUP(AM72,Довідник_мінералів!$A:$B,2,0),0)*AN72/100+IFERROR(VLOOKUP(AO72,Довідник_мінералів!$A:$B,2,0),0)*AP72/100,0))) | AR72: 2.9 | AS72: хелат міді гідрокси-аналогу метіоніну | AU72: =IF(AR72="","",IFERROR(VLOOKUP(AS72,Довідник_мінералів!$A:$B,2,0),"-")) | AV72: 6.8 | AW72: хелат марганцю гідрокси-аналогу метіоніну | AY72: =IF(AV72="","",IFERROR(VLOOKUP(AW72,Довідник_мінералів!$A:$B,2,0),"-")) | BB72: =IF(SE72="","",IFERROR(VLOOKUP(BA72,Довідник_мінералів!$A:$B,2,0),"-")) | BD72: L-карнітин 150 мг; таурин 800 мг; 45% свіжого м'яса; фенхель+артишок для ШКТ
A73: farm_nd_quinoa_skin_wet_cat | B73: Farmina | C73: N&D Quinoa | D73: N&D Quinoa Skin & Coat Quail & Coconut (вологий 75г) | E73: вологий | F73: кіт | G73: шкіра та шерсть / алергія | I73: https://www.farmina.com/ua | J73: 12.8 | K73: 5.4 | L73: 0.8 | M73: 2.3 | N73: 75 | O73: =IF(J73="","",ROUND(J73/(1-N73/100),1)) | P73: =IF(K73="","",ROUND(K73/(1-N73/100),1)) | Q73: =IF(L73="","",ROUND(L73/(1-N73/100),1)) | R73: =IF(M73="","",ROUND(M73/(1-N73/100),1)) | S73: М'ясо перепілки (65%), гідролізований рибний білок, кіноа, кокос, риб'ячий жир, ФОС, МОС | T73: м'ясо перепілки (65%) | U73: кіноа | V73: кокос | W73: 4800 | X73: 320 | Y73: 160 | AA73: 800 | AF73: 36 | AG73: хелат цинку гідрокси-аналогу метіоніну | AK73: =IF(AF73="","",IF(AH73="",IFERROR(VLOOKUP(AG73,Довідник_мінералів!$A:$B,2,0),"-"),ROUND(IFERROR(VLOOKUP(AG73,Довідник_мінералів!$A:$B,2,0),0)*AH73/100+IFERROR(VLOOKUP(AI73,Довідник_мінералів!$A:$B,2,0),0)*AJ73/100,0))) | AL73: 16.8 | AM73: хелат заліза гідрату гліцину | AQ73: =IF(AL73="","",IF(AN73="",IFERROR(VLOOKUP(AM73,Довідник_мінералів!$A:$B,2,0),"-"),ROUND(IFERROR(VLOOKUP(AM73,Довідник_мінералів!$A:$B,2,0),0)*AN73/100+IFERROR(VLOOKUP(AO73,Довідник_мінералів!$A:$B,2,0),0)*AP73/100,0))) | AR73: 2.9 | AS73: хелат міді гідрокси-аналогу метіоніну | AU73: =IF(AR73="","",IFERROR(VLOOKUP(AS73,Довідник_мінералів!$A:$B,2,0),"-")) | AV73: 6.8 | AW73: хелат марганцю гідрокси-аналогу метіоніну | AY73: =IF(AV73="","",IFERROR(VLOOKUP(AW73,Довідник_мінералів!$A:$B,2,0),"-")) | BB73: =IF(SE73="","",IFERROR(VLOOKUP(BA73,Довідник_мінералів!$A:$B,2,0),"-")) | BD73: Ca 0.16%; P 0.15%; Na 0.20%; Mg 0.01%; НОВЕЛЬНИЙ БІЛОК перепілка; кокос — MCT для шкіри
A74: farm_nd_prime_chicken_adult_dog | B74: Farmina | C74: N&D Prime GF | D74: N&D Prime Chicken & Pomegranate Adult Medium (сухий) | E74: сухий | F74: собака | G74: здоровий дорослий | H74: 3900 | I74: https://www.farmina.com/ua | J74: 30 | K74: 18 | L74: 2.9 | M74: 7.2 | N74: 9 | O74: =IF(J74="","",ROUND(J74/(1-N74/100),1)) | P74: =IF(K74="","",ROUND(K74/(1-N74/100),1)) | Q74: =IF(L74="","",ROUND(L74/(1-N74/100),1)) | R74: =IF(M74="","",ROUND(M74/(1-N74/100),1)) | S74: Свіже куряче м'ясо без кісток (20%), дегідратоване куряче м'ясо (18%), гороховий крохмаль, курячий жир, яйця, свіжий оселедець, дегідратований оселедець, риб'ячий жир, волокна гороху, сушена морква, люцерна, інулін, ФОС, МОС, порошок граната (0.5%), подорожник, куркума (0.2%), глюкозамін, хондроїтин сульфат | T74: свіже куряче м'ясо без кісток (20%) | U74: дегідратоване куряче м'ясо (18%) | V74: яйця | W74: 18000 | X74: 1200 | Y74: 600 | Z74: 300 | AB74: 20 | AC74: 8.1 | AD74: 10 | AE74: 0.1 | AF74: 163.8 | AG74: хелат цинку гідрокси-аналогу метіоніну | AK74: =IF(AF74="","",IF(AH74="",IFERROR(VLOOKUP(AG74,Довідник_мінералів!$A:$B,2,0),"-"),ROUND(IFERROR(VLOOKUP(AG74,Довідник_мінералів!$A:$B,2,0),0)*AH74/100+IFERROR(VLOOKUP(AI74,Довідник_мінералів!$A:$B,2,0),0)*AJ74/100,0))) | AL74: 58.3 | AM74: хелат заліза гідрату гліцину | AQ74: =IF(AL74="","",IF(AN74="",IFERROR(VLOOKUP(AM74,Довідник_мінералів!$A:$B,2,0),"-"),ROUND(IFERROR(VLOOKUP(AM74,Довідник_мінералів!$A:$B,2,0),0)*AN74/100+IFERROR(VLOOKUP(AO74,Довідник_мінералів!$A:$B,2,0),0)*AP74/100,0))) | AR74: 15.8 | AS74: хелат міді гідрокси-аналогу метіоніну | AU74: =IF(AR74="","",IFERROR(VLOOKUP(AS74,Довідник_мінералів!$A:$B,2,0),"-")) | AV74: 64.6 | AW74: хелат марганцю гідрокси-аналогу метіоніну | AY74: =IF(AV74="","",IFERROR(VLOOKUP(AW74,Довідник_мінералів!$A:$B,2,0),"-")) | AZ74: 0.4 | BA74: селенометіонін | BB74: =IF(SE74="","",IFERROR(VLOOKUP(BA74,Довідник_мінералів!$A:$B,2,0),"-")) | BD74: Ca 1.0%; P 0.8%; Омега-6 3.4%; Омега-3 0.9%; DHA 0.5%; EPA 0.3%
A75: farm_nd_prime_lamb_adult_dog | B75: Farmina | C75: N&D Prime GF | D75: N&D Prime Lamb & Blueberry Adult Medium (сухий) | E75: сухий | F75: собака | G75: здоровий дорослий / алергія на птицю | H75: 3900 | I75: https://www.farmina.com/ua | J75: 30 | K75: 18 | L75: 2.9 | M75: 7.2 | N75: 9 | O75: =IF(J75="","",ROUND(J75/(1-N75/100),1)) | P75: =IF(K75="","",ROUND(K75/(1-N75/100),1)) | Q75: =IF(L75="","",ROUND(L75/(1-N75/100),1)) | R75: =IF(M75="","",ROUND(M75/(1-N75/100),1)) | S75: Свіже м'ясо ягняти без кісток (20%), дегідратоване м'ясо ягняти (18%), гороховий крохмаль, курячий жир, яйця, свіжий оселедець, риб'ячий жир, волокна гороху, сушена морква, люцерна, інулін, ФОС, МОС, порошок чорниці (0.5%), куркума (0.2%), глюкозамін, хондроїтин сульфат | T75: свіже м'ясо ягняти без кісток (20%) | U75: дегідратоване м'ясо ягняти (18%) | V75: яйця | W75: 18000 | X75: 1200 | Y75: 600 | Z75: 300 | AB75: 20 | AC75: 8.1 | AD75: 10 | AE75: 0.1 | AF75: 163.8 | AG75: хелат цинку гідрокси-аналогу метіоніну | AK75: =IF(AF75="","",IF(AH75="",IFERROR(VLOOKUP(AG75,Довідник_мінералів!$A:$B,2,0),"-"),ROUND(IFERROR(VLOOKUP(AG75,Довідник_мінералів!$A:$B,2,0),0)*AH75/100+IFERROR(VLOOKUP(AI75,Довідник_мінералів!$A:$B,2,0),0)*AJ75/100,0))) | AL75: 58.3 | AM75: хелат заліза гідрату гліцину | AQ75: =IF(AL75="","",IF(AN75="",IFERROR(VLOOKUP(AM75,Довідник_мінералів!$A:$B,2,0),"-"),ROUND(IFERROR(VLOOKUP(AM75,Довідник_мінералів!$A:$B,2,0),0)*AN75/100+IFERROR(VLOOKUP(AO75,Довідник_мінералів!$A:$B,2,0),0)*AP75/100,0))) | AR75: 15.8 | AS75: хелат міді гідрокси-аналогу метіоніну | AU75: =IF(AR75="","",IFERROR(VLOOKUP(AS75,Довідник_мінералів!$A:$B,2,0),"-")) | AV75: 64.6 | AW75: хелат марганцю гідрокси-аналогу метіоніну | AY75: =IF(AV75="","",IFERROR(VLOOKUP(AW75,Довідник_мінералів!$A:$B,2,0),"-")) | AZ75: 0.4 | BA75: селенометіонін | BB75: =IF(SE75="","",IFERROR(VLOOKUP(BA75,Довідник_мінералів!$A:$B,2,0),"-")) | BD75: НОВЕЛЬНИЙ БІЛОК ягня; Омега-3 0.9%; для алергії на курку/птицю
A76: farm_nd_quinoa_skin_dog | B76: Farmina | C76: N&D Quinoa | D76: N&D Quinoa Skin & Coat Duck (сухий) | E76: сухий | F76: собака | G76: шкіра та шерсть / алергія | H76: 3700 | I76: https://www.farmina.com/ua | J76: 23 | K76: 12 | L76: 2.8 | M76: 7.9 | N76: 9 | O76: =IF(J76="","",ROUND(J76/(1-N76/100),1)) | P76: =IF(K76="","",ROUND(K76/(1-N76/100),1)) | Q76: =IF(L76="","",ROUND(L76/(1-N76/100),1)) | R76: =IF(M76="","",ROUND(M76/(1-N76/100),1)) | S76: Качка без кісток (20%), дегідратований качиний протеїн (20%), гороховий крохмаль, риб'ячий жир (з оселедця), екстракт насіння кіноа (8%), насіння льону, сушений кокос (2.5%), куркума (2.5%), інулін, ФОС, МОС, карбонат кальцію, дикальцій фосфат, подорожник, хлорид калію, хлорид натрію, дріжджі пивні, алое вера, глюкозамін, хондроїтин сульфат | T76: качка без кісток (20%) | U76: дегідратований качиний протеїн (20%) | V76: кіноа (8%) | W76: 18000 | X76: 1200 | Y76: 600 | Z76: 300 | AB76: 20 | AC76: 8.1 | AD76: 10 | AE76: 0.1 | AF76: 163.8 | AG76: хелат цинку гідрокси-аналогу метіоніну | AK76: =IF(AF76="","",IF(AH76="",IFERROR(VLOOKUP(AG76,Довідник_мінералів!$A:$B,2,0),"-"),ROUND(IFERROR(VLOOKUP(AG76,Довідник_мінералів!$A:$B,2,0),0)*AH76/100+IFERROR(VLOOKUP(AI76,Довідник_мінералів!$A:$B,2,0),0)*AJ76/100,0))) | AL76: 58.3 | AM76: хелат заліза гідрату гліцину | AQ76: =IF(AL76="","",IF(AN76="",IFERROR(VLOOKUP(AM76,Довідник_мінералів!$A:$B,2,0),"-"),ROUND(IFERROR(VLOOKUP(AM76,Довідник_мінералів!$A:$B,2,0),0)*AN76/100+IFERROR(VLOOKUP(AO76,Довідник_мінералів!$A:$B,2,0),0)*AP76/100,0))) | AR76: 15.8 | AS76: хелат міді гідрокси-аналогу метіоніну | AU76: =IF(AR76="","",IFERROR(VLOOKUP(AS76,Довідник_мінералів!$A:$B,2,0),"-")) | AV76: 64.6 | AW76: хелат марганцю гідрокси-аналогу метіоніну | AY76: =IF(AV76="","",IFERROR(VLOOKUP(AW76,Довідник_мінералів!$A:$B,2,0),"-")) | AZ76: 0.4 | BA76: селенометіонін | BB76: =IF(SE76="","",IFERROR(VLOOKUP(BA76,Довідник_мінералів!$A:$B,2,0),"-")) | BD76: Ca 1.0%; P 0.8%; Омега-6 2.2%; Омега-3 0.4%; кокос; куркума; НОВЕЛЬНИЙ БІЛОК качка
A77: farm_nd_quinoa_weight_dog | B77: Farmina | C77: N&D Quinoa | D77: N&D Quinoa Weight Management Duck (сухий) | E77: сухий | F77: собака | G77: зайва вага | H77: 3400 | I77: https://www.farmina.com/ua | J77: 34 | K77: 11 | L77: 6.4 | M77: 8.7 | N77: 9 | O77: =IF(J77="","",ROUND(J77/(1-N77/100),1)) | P77: =IF(K77="","",ROUND(K77/(1-N77/100),1)) | Q77: =IF(L77="","",ROUND(L77/(1-N77/100),1)) | R77: =IF(M77="","",ROUND(M77/(1-N77/100),1)) | S77: Качка без кісток (24%), дегідратований качиний протеїн (24%), гороховий крохмаль, риб'ячий жир, екстракт насіння кіноа (8%), насіння льону, куркума (2.5%), інулін, ФОС, МОС, L-карнітин, алое вера, глюкозамін, хондроїтин сульфат | T77: качка без кісток (24%) | U77: дегідратований качиний протеїн (24%) | V77: кіноа (8%) | W77: 18000 | X77: 1200 | Y77: 600 | Z77: 300 | AB77: 20 | AC77: 8.1 | AD77: 10 | AE77: 0.1 | AF77: 163.8 | AG77: хелат цинку гідрокси-аналогу метіоніну | AK77: =IF(AF77="","",IF(AH77="",IFERROR(VLOOKUP(AG77,Довідник_мінералів!$A:$B,2,0),"-"),ROUND(IFERROR(VLOOKUP(AG77,Довідник_мінералів!$A:$B,2,0),0)*AH77/100+IFERROR(VLOOKUP(AI77,Довідник_мінералів!$A:$B,2,0),0)*AJ77/100,0))) | AL77: 58.3 | AM77: хелат заліза гідрату гліцину | AQ77: =IF(AL77="","",IF(AN77="",IFERROR(VLOOKUP(AM77,Довідник_мінералів!$A:$B,2,0),"-"),ROUND(IFERROR(VLOOKUP(AM77,Довідник_мінералів!$A:$B,2,0),0)*AN77/100+IFERROR(VLOOKUP(AO77,Довідник_мінералів!$A:$B,2,0),0)*AP77/100,0))) | AR77: 15.8 | AS77: хелат міді гідрокси-аналогу метіоніну | AU77: =IF(AR77="","",IFERROR(VLOOKUP(AS77,Довідник_мінералів!$A:$B,2,0),"-")) | AV77: 64.6 | AW77: хелат марганцю гідрокси-аналогу метіоніну | AY77: =IF(AV77="","",IFERROR(VLOOKUP(AW77,Довідник_мінералів!$A:$B,2,0),"-")) | AZ77: 0.4 | BA77: селенометіонін | BB77: =IF(SE77="","",IFERROR(VLOOKUP(BA77,Довідник_мінералів!$A:$B,2,0),"-")) | BD77: ЗНИЖЕНИЙ ЖИР 11%; ВИСОКА КЛІТКОВИНА 6.4%; L-карнітин; НОВЕЛЬНИЙ БІЛОК качка
A78: grd_4meat_sterilised_cat | B78: Grandorf | C78: 4 Meat Sterilised | D78: 4 Meat & Brown Rice Sterilised (сухий) | E78: сухий | F78: кіт | G78: стерилізовані / похилий вік | H78: 4083 | I78: https://grandorf.ua | J78: 37 | K78: 11 | L78: 2.5 | M78: 7 | N78: 6 | O78: =IF(J78="","",ROUND(J78/(1-N78/100),1)) | P78: =IF(K78="","",ROUND(K78/(1-N78/100),1)) | Q78: =IF(L78="","",ROUND(L78/(1-N78/100),1)) | R78: =IF(M78="","",ROUND(M78/(1-N78/100),1)) | S78: Дегідроване м'ясо індички (17%), дегідроване м'ясо качки (16%), дегідроване м'ясо дикого кабана (15%), цільнозерновий коричневий рис, сушений батат, дегідроване м'ясо ягняти (10%), свіже м'ясо індички (8%), жир індички (2%), борошно плодів ріжкового дерева, порошок коренів цикорію (ФОС та інулін), рослинна клітковина, пивні дріжджі (МОС), лососева олія (1%), сушений антарктичний криль (EPA і DHA, 1%), сушене яблуко, сушена журавлина, Юкка Шидігера | T78: дегідроване м'ясо індички (17%) | U78: дегідроване м'ясо качки (16%) | V78: дегідроване м'ясо дикого кабана (15%) | W78: 20000 | X78: 1500 | Y78: 600 | AF78: 100 | AG78: не вказано (3b605) | AK78: =IF(AF78="","",IF(AH78="",IFERROR(VLOOKUP(AG78,Довідник_мінералів!$A:$B,2,0),"-"),ROUND(IFERROR(VLOOKUP(AG78,Довідник_мінералів!$A:$B,2,0),0)*AH78/100+IFERROR(VLOOKUP(AI78,Довідник_мінералів!$A:$B,2,0),0)*AJ78/100,0))) | AM78: не вказано (3b103) | AQ78: =IF(AL78="","",IF(AN78="",IFERROR(VLOOKUP(AM78,Довідник_мінералів!$A:$B,2,0),"-"),ROUND(IFERROR(VLOOKUP(AM78,Довідник_мінералів!$A:$B,2,0),0)*AN78/100+IFERROR(VLOOKUP(AO78,Довідник_мінералів!$A:$B,2,0),0)*AP78/100,0))) | AR78: 5 | AS78: не вказано (3b405) | AU78: =IF(AR78="","",IFERROR(VLOOKUP(AS78,Довідник_мінералів!$A:$B,2,0),"-")) | AV78: 15 | AW78: не вказано (3b503) | AY78: =IF(AV78="","",IFERROR(VLOOKUP(AW78,Довідник_мінералів!$A:$B,2,0),"-")) | AZ78: 0.2 | BA78: не вказано (3b801) | BB78: =IF(SE78="","",IFERROR(VLOOKUP(BA78,Довідник_мінералів!$A:$B,2,0),"-")) | BC78: 1.5 | BD78: Ca 1.4%; P 1.1%; Mg 0.1%; Омега-6 1.9%; Омега-3 0.6%; таурин 1500 мг/кг; L-карнітин 100 мг/кг; 10⁹ пробіотиків Enterococcus faecium; SYNOX 3D; антарктичний криль; pH сечі 6-6.5
A79: grd_rabbit_turkey_sterilised_cat | B79: Grandorf | C79: Rabbit & Turkey Sterilised | D79: Rabbit & Turkey Sterilised (сухий) | E79: сухий | F79: кіт | G79: стерилізовані / алергія на птицю | I79: https://grandorf.ua | J79: 37 | K79: 12 | L79: 3 | M79: 6 | N79: 6 | O79: =IF(J79="","",ROUND(J79/(1-N79/100),1)) | P79: =IF(K79="","",ROUND(K79/(1-N79/100),1)) | Q79: =IF(L79="","",ROUND(L79/(1-N79/100),1)) | R79: =IF(M79="","",ROUND(M79/(1-N79/100),1)) | S79: Дегідроване м'ясо кролика, дегідроване м'ясо індички, цільнозерновий коричневий рис, сушений батат, свіже м'ясо кролика, борошно плодів ріжкового дерева, порошок коренів цикорію (ФОС та інулін), рослинна клітковина, пивні дріжджі (МОС), лососева олія (1%), сушений антарктичний криль (EPA і DHA, 1%), сушене яблуко, сушена журавлина, куркума, Юкка Шидігера | T79: дегідроване м'ясо кролика | U79: дегідроване м'ясо індички | V79: лососева олія | W79: 20000 | X79: 1500 | Y79: 600 | AF79: 100 | AG79: не вказано (3b605) | AK79: =IF(AF79="","",IF(AH79="",IFERROR(VLOOKUP(AG79,Довідник_мінералів!$A:$B,2,0),"-"),ROUND(IFERROR(VLOOKUP(AG79,Довідник_мінералів!$A:$B,2,0),0)*AH79/100+IFERROR(VLOOKUP(AI79,Довідник_мінералів!$A:$B,2,0),0)*AJ79/100,0))) | AM79: не вказано (3b103) | AQ79: =IF(AL79="","",IF(AN79="",IFERROR(VLOOKUP(AM79,Довідник_мінералів!$A:$B,2,0),"-"),ROUND(IFERROR(VLOOKUP(AM79,Довідник_мінералів!$A:$B,2,0),0)*AN79/100+IFERROR(VLOOKUP(AO79,Довідник_мінералів!$A:$B,2,0),0)*AP79/100,0))) | AR79: 5 | AS79: не вказано (3b405) | AU79: =IF(AR79="","",IFERROR(VLOOKUP(AS79,Довідник_мінералів!$A:$B,2,0),"-")) | AV79: 15 | AW79: не вказано (3b503) | AY79: =IF(AV79="","",IFERROR(VLOOKUP(AW79,Довідник_мінералів!$A:$B,2,0),"-")) | AZ79: 0.2 | BA79: не вказано (3b801) | BB79: =IF(SE79="","",IFERROR(VLOOKUP(BA79,Довідник_мінералів!$A:$B,2,0),"-")) | BC79: 1.5 | BD79: Ca 1.0%; P 0.8%; Mg 0.09%; Омега-6 2.6%; Омега-3 0.5%; таурин 1500 мг/кг; L-карнітин; НОВЕЛЬНИЙ БІЛОК кролик; pH сечі 6-6.5
A80: grd_sterilised_turkey_cat | B80: Grandorf | C80: Turkey Sterilised | D80: Turkey & Brown Rice Sterilised (сухий) | E80: сухий | F80: кіт | G80: стерилізовані | I80: https://grandorf.ua | J80: 37 | K80: 11 | L80: 2.5 | M80: 7 | N80: 6 | O80: =IF(J80="","",ROUND(J80/(1-N80/100),1)) | P80: =IF(K80="","",ROUND(K80/(1-N80/100),1)) | Q80: =IF(L80="","",ROUND(L80/(1-N80/100),1)) | R80: =IF(M80="","",ROUND(M80/(1-N80/100),1)) | S80: Дегідроване м'ясо індички, цільнозерновий коричневий рис, свіже м'ясо індички, батат, борошно плодів ріжкового дерева, порошок коренів цикорію (ФОС та інулін), рослинна клітковина, пивні дріжджі (МОС), лососева олія (1%), антарктичний криль (EPA і DHA, 1%), сушене яблуко, журавлина, куркума, Юкка Шидігера | T80: дегідроване м'ясо індички | U80: свіже м'ясо індички | V80: лососева олія | W80: 20000 | X80: 1500 | Y80: 600 | AF80: 100 | AG80: не вказано (3b605) | AK80: =IF(AF80="","",IF(AH80="",IFERROR(VLOOKUP(AG80,Довідник_мінералів!$A:$B,2,0),"-"),ROUND(IFERROR(VLOOKUP(AG80,Довідник_мінералів!$A:$B,2,0),0)*AH80/100+IFERROR(VLOOKUP(AI80,Довідник_мінералів!$A:$B,2,0),0)*AJ80/100,0))) | AM80: не вказано (3b103) | AQ80: =IF(AL80="","",IF(AN80="",IFERROR(VLOOKUP(AM80,Довідник_мінералів!$A:$B,2,0),"-"),ROUND(IFERROR(VLOOKUP(AM80,Довідник_мінералів!$A:$B,2,0),0)*AN80/100+IFERROR(VLOOKUP(AO80,Довідник_мінералів!$A:$B,2,0),0)*AP80/100,0))) | AR80: 5 | AS80: не вказано (3b405) | AU80: =IF(AR80="","",IFERROR(VLOOKUP(AS80,Довідник_мінералів!$A:$B,2,0),"-")) | AV80: 15 | AW80: не вказано (3b503) | AY80: =IF(AV80="","",IFERROR(VLOOKUP(AW80,Довідник_мінералів!$A:$B,2,0),"-")) | AZ80: 0.2 | BA80: не вказано (3b801) | BB80: =IF(SE80="","",IFERROR(VLOOKUP(BA80,Довідник_мінералів!$A:$B,2,0),"-")) | BC80: 1.5 | BD80: Ca 1.4%; P 1.1%; Mg 0.1%; моно-білок (тільки індичка); для котів з алергією на мультибілкові корми
A81: grd_fresh_duck_sterilised_cat | B81: Grandorf | C81: Fresh Sterilised | D81: Fresh Duck & Sweet Potato Sterilised (сухий) | E81: сухий | F81: кіт | G81: стерилізовані беззернові | H81: 3773 | I81: https://grandorf.ua | J81: 37 | K81: 11 | L81: 3.5 | M81: 7 | N81: 6 | O81: =IF(J81="","",ROUND(J81/(1-N81/100),1)) | P81: =IF(K81="","",ROUND(K81/(1-N81/100),1)) | Q81: =IF(L81="","",ROUND(L81/(1-N81/100),1)) | R81: =IF(M81="","",ROUND(M81/(1-N81/100),1)) | S81: Свіже качине м'ясо без кісток (26%), дегідратована індичка (24%), батат, горох, картопля, порошок коренів цикорію (ФОС та інулін), насіння льону, мінерали, жир індички (1%), пивні дріжджі (МОС та бета-глюкани), лососева олія (1%), яблука, морква, журавлина, чорниця, броколі, шпинат, помідори, глюкозамін (100 мг/кг), хондроїтин сульфат (100 мг/кг), юкка Шидігера, грейпфрут, розмарин, куркума | T81: свіже качине м'ясо без кісток (26%) | U81: дегідратована індичка (24%) | V81: батат | W81: 20000 | X81: 1500 | Y81: 600 | AF81: 100 | AG81: не вказано (3b605) | AK81: =IF(AF81="","",IF(AH81="",IFERROR(VLOOKUP(AG81,Довідник_мінералів!$A:$B,2,0),"-"),ROUND(IFERROR(VLOOKUP(AG81,Довідник_мінералів!$A:$B,2,0),0)*AH81/100+IFERROR(VLOOKUP(AI81,Довідник_мінералів!$A:$B,2,0),0)*AJ81/100,0))) | AM81: не вказано (3b103) | AQ81: =IF(AL81="","",IF(AN81="",IFERROR(VLOOKUP(AM81,Довідник_мінералів!$A:$B,2,0),"-"),ROUND(IFERROR(VLOOKUP(AM81,Довідник_мінералів!$A:$B,2,0),0)*AN81/100+IFERROR(VLOOKUP(AO81,Довідник_мінералів!$A:$B,2,0),0)*AP81/100,0))) | AR81: 5 | AS81: не вказано (3b405) | AU81: =IF(AR81="","",IFERROR(VLOOKUP(AS81,Довідник_мінералів!$A:$B,2,0),"-")) | AV81: 15 | AW81: не вказано (3b503) | AY81: =IF(AV81="","",IFERROR(VLOOKUP(AW81,Довідник_мінералів!$A:$B,2,0),"-")) | AZ81: 0.2 | BA81: не вказано (3b801) | BB81: =IF(SE81="","",IFERROR(VLOOKUP(BA81,Довідник_мінералів!$A:$B,2,0),"-")) | BC81: 1.5 | BD81: Ca 1.1%; P 0.8%; Mg 0.09%; Омега-3 0.8%; Омега-6 2.3%; БЕЗЗЕРНОВИЙ; 10⁹ пробіотиків; броколі, шпинат, помідори
A82: grd_fresh_turkey_sterilised_cat | B82: Grandorf | C82: Fresh Sterilised | D82: Fresh Turkey & Sweet Potato Sterilised (сухий) | E82: сухий | F82: кіт | G82: стерилізовані беззернові | H82: 3762 | I82: https://grandorf.ua | J82: 36 | K82: 10 | L82: 3.5 | M82: 7 | N82: 6 | O82: =IF(J82="","",ROUND(J82/(1-N82/100),1)) | P82: =IF(K82="","",ROUND(K82/(1-N82/100),1)) | Q82: =IF(L82="","",ROUND(L82/(1-N82/100),1)) | R82: =IF(M82="","",ROUND(M82/(1-N82/100),1)) | S82: Свіже м'ясо індички без кісток (26%), дегідратована індичка (24%), батат, горох, картопля, жир індички (2%), порошок коренів цикорію (ФОС та інулін), насіння льону, мінерали, пивні дріжджі (МОС та бета-глюкани), лососева олія (0.5%), яблука, морква, журавлина, чорниця, броколі, шпинат, помідори, глюкозамін (100 мг/кг), хондроїтин сульфат (100 мг/кг), юкка Шидігера, грейпфрут, розмарин, куркума | T82: свіже м'ясо індички без кісток (26%) | U82: дегідратована індичка (24%) | V82: батат | W82: 20000 | X82: 1500 | Y82: 600 | AF82: 100 | AG82: не вказано (3b605) | AK82: =IF(AF82="","",IF(AH82="",IFERROR(VLOOKUP(AG82,Довідник_мінералів!$A:$B,2,0),"-"),ROUND(IFERROR(VLOOKUP(AG82,Довідник_мінералів!$A:$B,2,0),0)*AH82/100+IFERROR(VLOOKUP(AI82,Довідник_мінералів!$A:$B,2,0),0)*AJ82/100,0))) | AM82: не вказано (3b103) | AQ82: =IF(AL82="","",IF(AN82="",IFERROR(VLOOKUP(AM82,Довідник_мінералів!$A:$B,2,0),"-"),ROUND(IFERROR(VLOOKUP(AM82,Довідник_мінералів!$A:$B,2,0),0)*AN82/100+IFERROR(VLOOKUP(AO82,Довідник_мінералів!$A:$B,2,0),0)*AP82/100,0))) | AR82: 5 | AS82: не вказано (3b405) | AU82: =IF(AR82="","",IFERROR(VLOOKUP(AS82,Довідник_мінералів!$A:$B,2,0),"-")) | AV82: 15 | AW82: не вказано (3b503) | AY82: =IF(AV82="","",IFERROR(VLOOKUP(AW82,Довідник_мінералів!$A:$B,2,0),"-")) | AZ82: 0.2 | BA82: не вказано (3b801) | BB82: =IF(SE82="","",IFERROR(VLOOKUP(BA82,Довідник_мінералів!$A:$B,2,0),"-")) | BC82: 1.5 | BD82: Ca 1.1%; P 0.8%; Mg 0.09%; Омега-3 0.9%; Омега-6 2.2%; БЕЗЗЕРНОВИЙ; ЗНИЖЕНИЙ ЖИР 10%; 10⁹ пробіотиків
A83: grd_fresh_salmon_sterilised_cat | B83: Grandorf | C83: Fresh Sterilised | D83: Fresh Salmon & Sweet Potato Sterilised (сухий) | E83: сухий | F83: кіт | G83: стерилізовані беззернові / риба | I83: https://grandorf.ua | J83: 37 | K83: 11 | L83: 3.5 | M83: 7 | N83: 6 | O83: =IF(J83="","",ROUND(J83/(1-N83/100),1)) | P83: =IF(K83="","",ROUND(K83/(1-N83/100),1)) | Q83: =IF(L83="","",ROUND(L83/(1-N83/100),1)) | R83: =IF(M83="","",ROUND(M83/(1-N83/100),1)) | S83: Свіже філе лосося без кісток (26%), дегідратована індичка (24%), батат, горох, картопля, порошок коренів цикорію (ФОС та інулін), насіння льону, мінерали, жир індички (1%), пивні дріжджі (МОС та бета-глюкани), лососева олія (1%), яблука, морква, журавлина, чорниця, броколі, шпинат, помідори, глюкозамін (100 мг/кг), хондроїтин сульфат (100 мг/кг), юкка Шидігера, грейпфрут, розмарин, куркума | T83: свіже філе лосося без кісток (26%) | U83: дегідратована індичка (24%) | V83: батат | W83: 20000 | X83: 1500 | Y83: 600 | AF83: 100 | AG83: не вказано (3b605) | AK83: =IF(AF83="","",IF(AH83="",IFERROR(VLOOKUP(AG83,Довідник_мінералів!$A:$B,2,0),"-"),ROUND(IFERROR(VLOOKUP(AG83,Довідник_мінералів!$A:$B,2,0),0)*AH83/100+IFERROR(VLOOKUP(AI83,Довідник_мінералів!$A:$B,2,0),0)*AJ83/100,0))) | AM83: не вказано (3b103) | AQ83: =IF(AL83="","",IF(AN83="",IFERROR(VLOOKUP(AM83,Довідник_мінералів!$A:$B,2,0),"-"),ROUND(IFERROR(VLOOKUP(AM83,Довідник_мінералів!$A:$B,2,0),0)*AN83/100+IFERROR(VLOOKUP(AO83,Довідник_мінералів!$A:$B,2,0),0)*AP83/100,0))) | AR83: 5 | AS83: не вказано (3b405) | AU83: =IF(AR83="","",IFERROR(VLOOKUP(AS83,Довідник_мінералів!$A:$B,2,0),"-")) | AV83: 15 | AW83: не вказано (3b503) | AY83: =IF(AV83="","",IFERROR(VLOOKUP(AW83,Довідник_мінералів!$A:$B,2,0),"-")) | AZ83: 0.2 | BA83: не вказано (3b801) | BB83: =IF(SE83="","",IFERROR(VLOOKUP(BA83,Довідник_мінералів!$A:$B,2,0),"-")) | BC83: 1.5 | BD83: Ca 1.1%; P 0.8%; БЕЗЗЕРНОВИЙ; НОВЕЛЬНИЙ БІЛОК лосось; для алергіків на птицю
A84: grd_wet_chicken_tuna_cat | B84: Grandorf | C84: Wet Cat | D84: Chicken Fillet & Tuna (вологий) | E84: вологий | F84: кіт | G84: здоровий дорослий | I84: https://grandorf.ua | J84: 16 | K84: 2 | L84: 0.5 | M84: 2 | N84: 80 | O84: =IF(J84="","",ROUND(J84/(1-N84/100),1)) | P84: =IF(K84="","",ROUND(K84/(1-N84/100),1)) | Q84: =IF(L84="","",ROUND(L84/(1-N84/100),1)) | R84: =IF(M84="","",ROUND(M84/(1-N84/100),1)) | S84: Куряча грудка 45%, тунець 20%, вода, рослинна камедь, вітаміни та мінерали | T84: куряча грудка (45%) | U84: тунець (20%) | AG84: не вказано | AK84: =IF(AF84="","",IF(AH84="",IFERROR(VLOOKUP(AG84,Довідник_мінералів!$A:$B,2,0),"-"),ROUND(IFERROR(VLOOKUP(AG84,Довідник_мінералів!$A:$B,2,0),0)*AH84/100+IFERROR(VLOOKUP(AI84,Довідник_мінералів!$A:$B,2,0),0)*AJ84/100,0))) | AM84: не вказано | AQ84: =IF(AL84="","",IF(AN84="",IFERROR(VLOOKUP(AM84,Довідник_мінералів!$A:$B,2,0),"-"),ROUND(IFERROR(VLOOKUP(AM84,Довідник_мінералів!$A:$B,2,0),0)*AN84/100+IFERROR(VLOOKUP(AO84,Довідник_мінералів!$A:$B,2,0),0)*AP84/100,0))) | AS84: не вказано | AU84: =IF(AR84="","",IFERROR(VLOOKUP(AS84,Довідник_мінералів!$A:$B,2,0),"-")) | AW84: не вказано | AY84: =IF(AV84="","",IFERROR(VLOOKUP(AW84,Довідник_мінералів!$A:$B,2,0),"-")) | BA84: не вказано | BB84: =IF(SE84="","",IFERROR(VLOOKUP(BA84,Довідник_мінералів!$A:$B,2,0),"-")) | BD84: Філе в желе; без загусників; без зернових; тільки м'ясо та риба
A85: grd_wet_tuna_shrimp_cat | B85: Grandorf | C85: Wet Cat | D85: Tuna Fillet & Shrimps (вологий) | E85: вологий | F85: кіт | G85: здоровий дорослий | I85: https://grandorf.ua | J85: 14 | K85: 1.5 | L85: 0.5 | M85: 2 | N85: 80 | O85: =IF(J85="","",ROUND(J85/(1-N85/100),1)) | P85: =IF(K85="","",ROUND(K85/(1-N85/100),1)) | Q85: =IF(L85="","",ROUND(L85/(1-N85/100),1)) | R85: =IF(M85="","",ROUND(M85/(1-N85/100),1)) | S85: Філе тунця 45%, креветки 20%, вода, рослинна камедь, вітаміни та мінерали | T85: філе тунця (45%) | U85: креветки (20%) | AG85: не вказано | AK85: =IF(AF85="","",IF(AH85="",IFERROR(VLOOKUP(AG85,Довідник_мінералів!$A:$B,2,0),"-"),ROUND(IFERROR(VLOOKUP(AG85,Довідник_мінералів!$A:$B,2,0),0)*AH85/100+IFERROR(VLOOKUP(AI85,Довідник_мінералів!$A:$B,2,0),0)*AJ85/100,0))) | AM85: не вказано | AQ85: =IF(AL85="","",IF(AN85="",IFERROR(VLOOKUP(AM85,Довідник_мінералів!$A:$B,2,0),"-"),ROUND(IFERROR(VLOOKUP(AM85,Довідник_мінералів!$A:$B,2,0),0)*AN85/100+IFERROR(VLOOKUP(AO85,Довідник_мінералів!$A:$B,2,0),0)*AP85/100,0))) | AS85: не вказано | AU85: =IF(AR85="","",IFERROR(VLOOKUP(AS85,Довідник_мінералів!$A:$B,2,0),"-")) | AW85: не вказано | AY85: =IF(AV85="","",IFERROR(VLOOKUP(AW85,Довідник_мінералів!$A:$B,2,0),"-")) | BA85: не вказано | BB85: =IF(SE85="","",IFERROR(VLOOKUP(BA85,Довідник_мінералів!$A:$B,2,0),"-")) | BD85: Філе в желе; без зернових; мінімальний склад
A86: grd_4meat_adult_dog | B86: Grandorf | C86: 4 Meat Adult | D86: 4 Meat & Brown Rice Adult (сухий) | E86: сухий | F86: собака | G86: здоровий дорослий всіх порід | I86: https://grandorf.ua | J86: 30 | K86: 18 | L86: 2.5 | M86: 7 | N86: 6 | O86: =IF(J86="","",ROUND(J86/(1-N86/100),1)) | P86: =IF(K86="","",ROUND(K86/(1-N86/100),1)) | Q86: =IF(L86="","",ROUND(L86/(1-N86/100),1)) | R86: =IF(M86="","",ROUND(M86/(1-N86/100),1)) | S86: Дегідроване м'ясо індички, дегідроване м'ясо качки, дегідроване м'ясо кабана, цільнозерновий коричневий рис, дегідроване м'ясо ягняти, свіже м'ясо індички, жир індички, борошно плодів ріжкового дерева, порошок коренів цикорію (ФОС та інулін), рослинна клітковина, пивні дріжджі (МОС), лососева олія (1%), антарктичний криль (EPA і DHA, 1%), журавлина, куркума, Юкка Шидігера | T86: дегідроване м'ясо індички | U86: дегідроване м'ясо качки | V86: дегідроване м'ясо кабана | W86: 20000 | X86: 1500 | Y86: 600 | AF86: 100 | AG86: не вказано (3b605) | AK86: =IF(AF86="","",IF(AH86="",IFERROR(VLOOKUP(AG86,Довідник_мінералів!$A:$B,2,0),"-"),ROUND(IFERROR(VLOOKUP(AG86,Довідник_мінералів!$A:$B,2,0),0)*AH86/100+IFERROR(VLOOKUP(AI86,Довідник_мінералів!$A:$B,2,0),0)*AJ86/100,0))) | AM86: не вказано (3b103) | AQ86: =IF(AL86="","",IF(AN86="",IFERROR(VLOOKUP(AM86,Довідник_мінералів!$A:$B,2,0),"-"),ROUND(IFERROR(VLOOKUP(AM86,Довідник_мінералів!$A:$B,2,0),0)*AN86/100+IFERROR(VLOOKUP(AO86,Довідник_мінералів!$A:$B,2,0),0)*AP86/100,0))) | AR86: 5 | AS86: не вказано (3b405) | AU86: =IF(AR86="","",IFERROR(VLOOKUP(AS86,Довідник_мінералів!$A:$B,2,0),"-")) | AV86: 15 | AW86: не вказано (3b503) | AY86: =IF(AV86="","",IFERROR(VLOOKUP(AW86,Довідник_мінералів!$A:$B,2,0),"-")) | AZ86: 0.2 | BA86: не вказано (3b801) | BB86: =IF(SE86="","",IFERROR(VLOOKUP(BA86,Довідник_мінералів!$A:$B,2,0),"-")) | BC86: 1.5 | BD86: Ca 1.2%; P 0.9%; 10⁹ пробіотиків Enterococcus faecium; антарктичний криль; SYNOX 3D
A87: grd_lamb_turkey_adult_medium_dog | B87: Grandorf | C87: Lamb & Turkey Adult | D87: Lamb & Turkey Medium-Maxi Adult (сухий) | E87: сухий | F87: собака | G87: дорослі середні та великі породи | I87: https://grandorf.ua | J87: 30 | K87: 18 | L87: 2.5 | M87: 7 | N87: 6 | O87: =IF(J87="","",ROUND(J87/(1-N87/100),1)) | P87: =IF(K87="","",ROUND(K87/(1-N87/100),1)) | Q87: =IF(L87="","",ROUND(L87/(1-N87/100),1)) | R87: =IF(M87="","",ROUND(M87/(1-N87/100),1)) | S87: Дегідроване м'ясо ягняти, дегідроване м'ясо індички, цільнозерновий коричневий рис, батат, свіже м'ясо ягняти, жир індички, борошно плодів ріжкового дерева, порошок коренів цикорію (ФОС та інулін), рослинна клітковина, пивні дріжджі (МОС), лососева олія, антарктичний криль, журавлина, куркума, Юкка Шидігера | T87: дегідроване м'ясо ягняти | U87: дегідроване м'ясо індички | V87: батат | W87: 20000 | X87: 1500 | Y87: 600 | AF87: 100 | AG87: не вказано (3b605) | AK87: =IF(AF87="","",IF(AH87="",IFERROR(VLOOKUP(AG87,Довідник_мінералів!$A:$B,2,0),"-"),ROUND(IFERROR(VLOOKUP(AG87,Довідник_мінералів!$A:$B,2,0),0)*AH87/100+IFERROR(VLOOKUP(AI87,Довідник_мінералів!$A:$B,2,0),0)*AJ87/100,0))) | AM87: не вказано (3b103) | AQ87: =IF(AL87="","",IF(AN87="",IFERROR(VLOOKUP(AM87,Довідник_мінералів!$A:$B,2,0),"-"),ROUND(IFERROR(VLOOKUP(AM87,Довідник_мінералів!$A:$B,2,0),0)*AN87/100+IFERROR(VLOOKUP(AO87,Довідник_мінералів!$A:$B,2,0),0)*AP87/100,0))) | AR87: 5 | AS87: не вказано (3b405) | AU87: =IF(AR87="","",IFERROR(VLOOKUP(AS87,Довідник_мінералів!$A:$B,2,0),"-")) | AV87: 15 | AW87: не вказано (3b503) | AY87: =IF(AV87="","",IFERROR(VLOOKUP(AW87,Довідник_мінералів!$A:$B,2,0),"-")) | AZ87: 0.2 | BA87: не вказано (3b801) | BB87: =IF(SE87="","",IFERROR(VLOOKUP(BA87,Довідник_мінералів!$A:$B,2,0),"-")) | BC87: 1.5 | BD87: Ca 1.2%; P 0.9%; Омега-3 0.5%; 10⁹ пробіотиків; глюкозамін+хондроїтин
A88: grd_lamb_turkey_mini_dog | B88: Grandorf | C88: Lamb & Turkey Mini | D88: Lamb & Turkey Mini Adult (сухий) | E88: сухий | F88: собака | G88: дорослі малі породи до 10 кг | I88: https://grandorf.ua | J88: 30 | K88: 18 | L88: 2.5 | M88: 7 | N88: 6 | O88: =IF(J88="","",ROUND(J88/(1-N88/100),1)) | P88: =IF(K88="","",ROUND(K88/(1-N88/100),1)) | Q88: =IF(L88="","",ROUND(L88/(1-N88/100),1)) | R88: =IF(M88="","",ROUND(M88/(1-N88/100),1)) | S88: Дегідроване м'ясо ягняти, дегідроване м'ясо індички, цільнозерновий коричневий рис, батат, свіже м'ясо ягняти, жир індички, борошно плодів ріжкового дерева, порошок коренів цикорію (ФОС та інулін), рослинна клітковина, пивні дріжджі (МОС), лососева олія, антарктичний криль, журавлина, куркума, Юкка Шидігера | T88: дегідроване м'ясо ягняти | U88: дегідроване м'ясо індички | V88: батат | W88: 20000 | X88: 1500 | Y88: 600 | AF88: 100 | AG88: не вказано (3b605) | AK88: =IF(AF88="","",IF(AH88="",IFERROR(VLOOKUP(AG88,Довідник_мінералів!$A:$B,2,0),"-"),ROUND(IFERROR(VLOOKUP(AG88,Довідник_мінералів!$A:$B,2,0),0)*AH88/100+IFERROR(VLOOKUP(AI88,Довідник_мінералів!$A:$B,2,0),0)*AJ88/100,0))) | AM88: не вказано (3b103) | AQ88: =IF(AL88="","",IF(AN88="",IFERROR(VLOOKUP(AM88,Довідник_мінералів!$A:$B,2,0),"-"),ROUND(IFERROR(VLOOKUP(AM88,Довідник_мінералів!$A:$B,2,0),0)*AN88/100+IFERROR(VLOOKUP(AO88,Довідник_мінералів!$A:$B,2,0),0)*AP88/100,0))) | AR88: 5 | AS88: не вказано (3b405) | AU88: =IF(AR88="","",IFERROR(VLOOKUP(AS88,Довідник_мінералів!$A:$B,2,0),"-")) | AV88: 15 | AW88: не вказано (3b503) | AY88: =IF(AV88="","",IFERROR(VLOOKUP(AW88,Довідник_мінералів!$A:$B,2,0),"-")) | AZ88: 0.2 | BA88: не вказано (3b801) | BB88: =IF(SE88="","",IFERROR(VLOOKUP(BA88,Довідник_мінералів!$A:$B,2,0),"-")) | BC88: 1.5 | BD88: Дрібна гранула; той самий склад що Medium; 10⁹ пробіотиків
A89: grd_fresh_duck_adult_dog | B89: Grandorf | C89: Fresh Dog | D89: Fresh Duck & Sweet Potato Adult Mini (сухий) | E89: сухий | F89: собака | G89: дорослі малі породи беззерновий | H89: 3918 | I89: https://grandorf.ua | J89: 28 | K89: 18 | L89: 3 | M89: 7 | N89: 9 | O89: =IF(J89="","",ROUND(J89/(1-N89/100),1)) | P89: =IF(K89="","",ROUND(K89/(1-N89/100),1)) | Q89: =IF(L89="","",ROUND(L89/(1-N89/100),1)) | R89: =IF(M89="","",ROUND(M89/(1-N89/100),1)) | S89: Свіже філе лосося (26%), дегідратована індичка (19%), батат, горох, жир індички (6%), картопля, порошок коренів цикорію (ФОС та інулін), мінерали, насіння льону, яблука, морква, пивні дріжджі (МОС та бета-глюкани), лососева олія (0.5%), журавлина, чорниця, броколі, шпинат, помідори, глюкозамін (100 мг/кг), хондроїтин сульфат (100 мг/кг), юкка Шидігера, грейпфрут, розмарин, куркума | T89: свіже філе лосося (26%) | U89: дегідратована індичка (19%) | V89: батат | W89: 20000 | X89: 1500 | Y89: 600 | AF89: 100 | AG89: не вказано (3b605) | AK89: =IF(AF89="","",IF(AH89="",IFERROR(VLOOKUP(AG89,Довідник_мінералів!$A:$B,2,0),"-"),ROUND(IFERROR(VLOOKUP(AG89,Довідник_мінералів!$A:$B,2,0),0)*AH89/100+IFERROR(VLOOKUP(AI89,Довідник_мінералів!$A:$B,2,0),0)*AJ89/100,0))) | AM89: не вказано (3b103) | AQ89: =IF(AL89="","",IF(AN89="",IFERROR(VLOOKUP(AM89,Довідник_мінералів!$A:$B,2,0),"-"),ROUND(IFERROR(VLOOKUP(AM89,Довідник_мінералів!$A:$B,2,0),0)*AN89/100+IFERROR(VLOOKUP(AO89,Довідник_мінералів!$A:$B,2,0),0)*AP89/100,0))) | AR89: 5 | AS89: не вказано (3b405) | AU89: =IF(AR89="","",IFERROR(VLOOKUP(AS89,Довідник_мінералів!$A:$B,2,0),"-")) | AV89: 15 | AW89: не вказано (3b503) | AY89: =IF(AV89="","",IFERROR(VLOOKUP(AW89,Довідник_мінералів!$A:$B,2,0),"-")) | AZ89: 0.2 | BA89: не вказано (3b801) | BB89: =IF(SE89="","",IFERROR(VLOOKUP(BA89,Довідник_мінералів!$A:$B,2,0),"-")) | BC89: 1.5 | BD89: Ca 1.2%; P 0.9%; Mg 0.08%; Омега-3 1.5%; Омега-6 3.0%; БЕЗЗЕРНОВИЙ; для малих порід
A90: grd_wet_duck_turkey_dog | B90: Grandorf | C90: Wet Dog | D90: Duck & Turkey (вологий 400г) | E90: вологий | F90: собака | G90: здоровий дорослий | H90: 1197 | I90: https://grandorf.ua | J90: 11 | K90: 7.6 | L90: 0.55 | M90: 3 | N90: 75 | O90: =IF(J90="","",ROUND(J90/(1-N90/100),1)) | P90: =IF(K90="","",ROUND(K90/(1-N90/100),1)) | Q90: =IF(L90="","",ROUND(L90/(1-N90/100),1)) | R90: =IF(M90="","",ROUND(M90/(1-N90/100),1)) | S90: Качка 35%, індичка 35%, солодка картопля 3.5%, мінерали, глюкозамін 0.1% | T90: качка (35%) | U90: індичка (35%) | V90: солодка картопля (3.5%) | X90: 200 | Y90: 25 | AF90: 15 | AG90: не вказано (3b605) | AK90: =IF(AF90="","",IF(AH90="",IFERROR(VLOOKUP(AG90,Довідник_мінералів!$A:$B,2,0),"-"),ROUND(IFERROR(VLOOKUP(AG90,Довідник_мінералів!$A:$B,2,0),0)*AH90/100+IFERROR(VLOOKUP(AI90,Довідник_мінералів!$A:$B,2,0),0)*AJ90/100,0))) | AM90: не вказано (3b103) | AQ90: =IF(AL90="","",IF(AN90="",IFERROR(VLOOKUP(AM90,Довідник_мінералів!$A:$B,2,0),"-"),ROUND(IFERROR(VLOOKUP(AM90,Довідник_мінералів!$A:$B,2,0),0)*AN90/100+IFERROR(VLOOKUP(AO90,Довідник_мінералів!$A:$B,2,0),0)*AP90/100,0))) | AS90: не вказано (3b405) | AU90: =IF(AR90="","",IFERROR(VLOOKUP(AS90,Довідник_мінералів!$A:$B,2,0),"-")) | AV90: 3 | AW90: не вказано (3b503) | AY90: =IF(AV90="","",IFERROR(VLOOKUP(AW90,Довідник_мінералів!$A:$B,2,0),"-")) | BA90: не вказано (3b801) | BB90: =IF(SE90="","",IFERROR(VLOOKUP(BA90,Довідник_мінералів!$A:$B,2,0),"-")) | BC90: 0.5 | BD90: Ca 0.18%; P 0.12%; тільки 3 інгредієнти; без консервантів; мінімальний склад
A91: grd_wet_beef_turkey_dog | B91: Grandorf | C91: Wet Dog | D91: Beef & Turkey (вологий 400г) | E91: вологий | F91: собака | G91: здоровий дорослий | H91: 1037 | I91: https://grandorf.ua | J91: 11.8 | K91: 5.5 | L91: 0.3 | M91: 2.7 | N91: 77 | O91: =IF(J91="","",ROUND(J91/(1-N91/100),1)) | P91: =IF(K91="","",ROUND(K91/(1-N91/100),1)) | Q91: =IF(L91="","",ROUND(L91/(1-N91/100),1)) | R91: =IF(M91="","",ROUND(M91/(1-N91/100),1)) | S91: Яловичина 35%, індичка 35%, солодка картопля 3.5%, мінерали, глюкозамін 0.1% | T91: яловичина (35%) | U91: індичка (35%) | V91: солодка картопля (3.5%) | X91: 200 | Y91: 25 | AF91: 15 | AG91: не вказано (3b605) | AK91: =IF(AF91="","",IF(AH91="",IFERROR(VLOOKUP(AG91,Довідник_мінералів!$A:$B,2,0),"-"),ROUND(IFERROR(VLOOKUP(AG91,Довідник_мінералів!$A:$B,2,0),0)*AH91/100+IFERROR(VLOOKUP(AI91,Довідник_мінералів!$A:$B,2,0),0)*AJ91/100,0))) | AM91: не вказано (3b103) | AQ91: =IF(AL91="","",IF(AN91="",IFERROR(VLOOKUP(AM91,Довідник_мінералів!$A:$B,2,0),"-"),ROUND(IFERROR(VLOOKUP(AM91,Довідник_мінералів!$A:$B,2,0),0)*AN91/100+IFERROR(VLOOKUP(AO91,Довідник_мінералів!$A:$B,2,0),0)*AP91/100,0))) | AS91: не вказано (3b405) | AU91: =IF(AR91="","",IFERROR(VLOOKUP(AS91,Довідник_мінералів!$A:$B,2,0),"-")) | AV91: 3 | AW91: не вказано (3b503) | AY91: =IF(AV91="","",IFERROR(VLOOKUP(AW91,Довідник_мінералів!$A:$B,2,0),"-")) | BA91: не вказано (3b801) | BB91: =IF(SE91="","",IFERROR(VLOOKUP(BA91,Довідник_мінералів!$A:$B,2,0),"-")) | BC91: 0.5 | BD91: Ca 0.19%; P 0.13%; тільки 3 інгредієнти; без консервантів; яловичина як новельний білок
O92: =IF(J92="","",ROUND(J92/(1-N92/100),1)) | P92: =IF(K92="","",ROUND(K92/(1-N92/100),1)) | Q92: =IF(L92="","",ROUND(L92/(1-N92/100),1)) | R92: =IF(M92="","",ROUND(M92/(1-N92/100),1)) | AK92: =IF(AF92="","",IF(AH92="",IFERROR(VLOOKUP(AG92,Довідник_мінералів!$A:$B,2,0),"-"),ROUND(IFERROR(VLOOKUP(AG92,Довідник_мінералів!$A:$B,2,0),0)*AH92/100+IFERROR(VLOOKUP(AI92,Довідник_мінералів!$A:$B,2,0),0)*AJ92/100,0))) | AQ92: =IF(AL92="","",IF(AN92="",IFERROR(VLOOKUP(AM92,Довідник_мінералів!$A:$B,2,0),"-"),ROUND(IFERROR(VLOOKUP(AM92,Довідник_мінералів!$A:$B,2,0),0)*AN92/100+IFERROR(VLOOKUP(AO92,Довідник_мінералів!$A:$B,2,0),0)*AP92/100,0))) | AU92: =IF(AR92="","",IFERROR(VLOOKUP(AS92,Довідник_мінералів!$A:$B,2,0),"-")) | AY92: =IF(AV92="","",IFERROR(VLOOKUP(AW92,Довідник_мінералів!$A:$B,2,0),"-")) | BB92: =IF(SE92="","",IFERROR(VLOOKUP(BA92,Довідник_мінералів!$A:$B,2,0),"-"))
O93: =IF(J93="","",ROUND(J93/(1-N93/100),1)) | P93: =IF(K93="","",ROUND(K93/(1-N93/100),1)) | Q93: =IF(L93="","",ROUND(L93/(1-N93/100),1)) | R93: =IF(M93="","",ROUND(M93/(1-N93/100),1)) | AK93: =IF(AF93="","",IF(AH93="",IFERROR(VLOOKUP(AG93,Довідник_мінералів!$A:$B,2,0),"-"),ROUND(IFERROR(VLOOKUP(AG93,Довідник_мінералів!$A:$B,2,0),0)*AH93/100+IFERROR(VLOOKUP(AI93,Довідник_мінералів!$A:$B,2,0),0)*AJ93/100,0))) | AQ93: =IF(AL93="","",IF(AN93="",IFERROR(VLOOKUP(AM93,Довідник_мінералів!$A:$B,2,0),"-"),ROUND(IFERROR(VLOOKUP(AM93,Довідник_мінералів!$A:$B,2,0),0)*AN93/100+IFERROR(VLOOKUP(AO93,Довідник_мінералів!$A:$B,2,0),0)*AP93/100,0))) | AU93: =IF(AR93="","",IFERROR(VLOOKUP(AS93,Довідник_мінералів!$A:$B,2,0),"-")) | AY93: =IF(AV93="","",IFERROR(VLOOKUP(AW93,Довідник_мінералів!$A:$B,2,0),"-")) | BB93: =IF(SE93="","",IFERROR(VLOOKUP(BA93,Довідник_мінералів!$A:$B,2,0),"-"))
O94: =IF(J94="","",ROUND(J94/(1-N94/100),1)) | P94: =IF(K94="","",ROUND(K94/(1-N94/100),1)) | Q94: =IF(L94="","",ROUND(L94/(1-N94/100),1)) | R94: =IF(M94="","",ROUND(M94/(1-N94/100),1)) | AK94: =IF(AF94="","",IF(AH94="",IFERROR(VLOOKUP(AG94,Довідник_мінералів!$A:$B,2,0),"-"),ROUND(IFERROR(VLOOKUP(AG94,Довідник_мінералів!$A:$B,2,0),0)*AH94/100+IFERROR(VLOOKUP(AI94,Довідник_мінералів!$A:$B,2,0),0)*AJ94/100,0))) | AQ94: =IF(AL94="","",IF(AN94="",IFERROR(VLOOKUP(AM94,Довідник_мінералів!$A:$B,2,0),"-"),ROUND(IFERROR(VLOOKUP(AM94,Довідник_мінералів!$A:$B,2,0),0)*AN94/100+IFERROR(VLOOKUP(AO94,Довідник_мінералів!$A:$B,2,0),0)*AP94/100,0))) | AU94: =IF(AR94="","",IFERROR(VLOOKUP(AS94,Довідник_мінералів!$A:$B,2,0),"-")) | AY94: =IF(AV94="","",IFERROR(VLOOKUP(AW94,Довідник_мінералів!$A:$B,2,0),"-")) | BB94: =IF(SE94="","",IFERROR(VLOOKUP(BA94,Довідник_мінералів!$A:$B,2,0),"-"))
O95: =IF(J95="","",ROUND(J95/(1-N95/100),1)) | P95: =IF(K95="","",ROUND(K95/(1-N95/100),1)) | Q95: =IF(L95="","",ROUND(L95/(1-N95/100),1)) | R95: =IF(M95="","",ROUND(M95/(1-N95/100),1)) | AK95: =IF(AF95="","",IF(AH95="",IFERROR(VLOOKUP(AG95,Довідник_мінералів!$A:$B,2,0),"-"),ROUND(IFERROR(VLOOKUP(AG95,Довідник_мінералів!$A:$B,2,0),0)*AH95/100+IFERROR(VLOOKUP(AI95,Довідник_мінералів!$A:$B,2,0),0)*AJ95/100,0))) | AQ95: =IF(AL95="","",IF(AN95="",IFERROR(VLOOKUP(AM95,Довідник_мінералів!$A:$B,2,0),"-"),ROUND(IFERROR(VLOOKUP(AM95,Довідник_мінералів!$A:$B,2,0),0)*AN95/100+IFERROR(VLOOKUP(AO95,Довідник_мінералів!$A:$B,2,0),0)*AP95/100,0))) | AU95: =IF(AR95="","",IFERROR(VLOOKUP(AS95,Довідник_мінералів!$A:$B,2,0),"-")) | AY95: =IF(AV95="","",IFERROR(VLOOKUP(AW95,Довідник_мінералів!$A:$B,2,0),"-")) | BB95: =IF(SE95="","",IFERROR(VLOOKUP(BA95,Довідник_мінералів!$A:$B,2,0),"-"))
O96: =IF(J96="","",ROUND(J96/(1-N96/100),1)) | P96: =IF(K96="","",ROUND(K96/(1-N96/100),1)) | Q96: =IF(L96="","",ROUND(L96/(1-N96/100),1)) | R96: =IF(M96="","",ROUND(M96/(1-N96/100),1)) | AK96: =IF(AF96="","",IF(AH96="",IFERROR(VLOOKUP(AG96,Довідник_мінералів!$A:$B,2,0),"-"),ROUND(IFERROR(VLOOKUP(AG96,Довідник_мінералів!$A:$B,2,0),0)*AH96/100+IFERROR(VLOOKUP(AI96,Довідник_мінералів!$A:$B,2,0),0)*AJ96/100,0))) | AQ96: =IF(AL96="","",IF(AN96="",IFERROR(VLOOKUP(AM96,Довідник_мінералів!$A:$B,2,0),"-"),ROUND(IFERROR(VLOOKUP(AM96,Довідник_мінералів!$A:$B,2,0),0)*AN96/100+IFERROR(VLOOKUP(AO96,Довідник_мінералів!$A:$B,2,0),0)*AP96/100,0))) | AU96: =IF(AR96="","",IFERROR(VLOOKUP(AS96,Довідник_мінералів!$A:$B,2,0),"-")) | AY96: =IF(AV96="","",IFERROR(VLOOKUP(AW96,Довідник_мінералів!$A:$B,2,0),"-")) | BB96: =IF(SE96="","",IFERROR(VLOOKUP(BA96,Довідник_мінералів!$A:$B,2,0),"-"))
O97: =IF(J97="","",ROUND(J97/(1-N97/100),1)) | P97: =IF(K97="","",ROUND(K97/(1-N97/100),1)) | Q97: =IF(L97="","",ROUND(L97/(1-N97/100),1)) | R97: =IF(M97="","",ROUND(M97/(1-N97/100),1)) | AK97: =IF(AF97="","",IF(AH97="",IFERROR(VLOOKUP(AG97,Довідник_мінералів!$A:$B,2,0),"-"),ROUND(IFERROR(VLOOKUP(AG97,Довідник_мінералів!$A:$B,2,0),0)*AH97/100+IFERROR(VLOOKUP(AI97,Довідник_мінералів!$A:$B,2,0),0)*AJ97/100,0))) | AQ97: =IF(AL97="","",IF(AN97="",IFERROR(VLOOKUP(AM97,Довідник_мінералів!$A:$B,2,0),"-"),ROUND(IFERROR(VLOOKUP(AM97,Довідник_мінералів!$A:$B,2,0),0)*AN97/100+IFERROR(VLOOKUP(AO97,Довідник_мінералів!$A:$B,2,0),0)*AP97/100,0))) | AU97: =IF(AR97="","",IFERROR(VLOOKUP(AS97,Довідник_мінералів!$A:$B,2,0),"-")) | AY97: =IF(AV97="","",IFERROR(VLOOKUP(AW97,Довідник_мінералів!$A:$B,2,0),"-")) | BB97: =IF(SE97="","",IFERROR(VLOOKUP(BA97,Довідник_мінералів!$A:$B,2,0),"-"))
O98: =IF(J98="","",ROUND(J98/(1-N98/100),1)) | P98: =IF(K98="","",ROUND(K98/(1-N98/100),1)) | Q98: =IF(L98="","",ROUND(L98/(1-N98/100),1)) | R98: =IF(M98="","",ROUND(M98/(1-N98/100),1)) | AK98: =IF(AF98="","",IF(AH98="",IFERROR(VLOOKUP(AG98,Довідник_мінералів!$A:$B,2,0),"-"),ROUND(IFERROR(VLOOKUP(AG98,Довідник_мінералів!$A:$B,2,0),0)*AH98/100+IFERROR(VLOOKUP(AI98,Довідник_мінералів!$A:$B,2,0),0)*AJ98/100,0))) | AQ98: =IF(AL98="","",IF(AN98="",IFERROR(VLOOKUP(AM98,Довідник_мінералів!$A:$B,2,0),"-"),ROUND(IFERROR(VLOOKUP(AM98,Довідник_мінералів!$A:$B,2,0),0)*AN98/100+IFERROR(VLOOKUP(AO98,Довідник_мінералів!$A:$B,2,0),0)*AP98/100,0))) | AU98: =IF(AR98="","",IFERROR(VLOOKUP(AS98,Довідник_мінералів!$A:$B,2,0),"-")) | AY98: =IF(AV98="","",IFERROR(VLOOKUP(AW98,Довідник_мінералів!$A:$B,2,0),"-")) | BB98: =IF(SE98="","",IFERROR(VLOOKUP(BA98,Довідник_мінералів!$A:$B,2,0),"-"))
O99: =IF(J99="","",ROUND(J99/(1-N99/100),1)) | P99: =IF(K99="","",ROUND(K99/(1-N99/100),1)) | Q99: =IF(L99="","",ROUND(L99/(1-N99/100),1)) | R99: =IF(M99="","",ROUND(M99/(1-N99/100),1)) | AK99: =IF(AF99="","",IF(AH99="",IFERROR(VLOOKUP(AG99,Довідник_мінералів!$A:$B,2,0),"-"),ROUND(IFERROR(VLOOKUP(AG99,Довідник_мінералів!$A:$B,2,0),0)*AH99/100+IFERROR(VLOOKUP(AI99,Довідник_мінералів!$A:$B,2,0),0)*AJ99/100,0))) | AQ99: =IF(AL99="","",IF(AN99="",IFERROR(VLOOKUP(AM99,Довідник_мінералів!$A:$B,2,0),"-"),ROUND(IFERROR(VLOOKUP(AM99,Довідник_мінералів!$A:$B,2,0),0)*AN99/100+IFERROR(VLOOKUP(AO99,Довідник_мінералів!$A:$B,2,0),0)*AP99/100,0))) | AU99: =IF(AR99="","",IFERROR(VLOOKUP(AS99,Довідник_мінералів!$A:$B,2,0),"-")) | AY99: =IF(AV99="","",IFERROR(VLOOKUP(AW99,Довідник_мінералів!$A:$B,2,0),"-")) | BB99: =IF(SE99="","",IFERROR(VLOOKUP(BA99,Довідник_мінералів!$A:$B,2,0),"-"))
O100: =IF(J100="","",ROUND(J100/(1-N100/100),1)) | P100: =IF(K100="","",ROUND(K100/(1-N100/100),1)) | Q100: =IF(L100="","",ROUND(L100/(1-N100/100),1)) | R100: =IF(M100="","",ROUND(M100/(1-N100/100),1)) | AK100: =IF(AF100="","",IF(AH100="",IFERROR(VLOOKUP(AG100,Довідник_мінералів!$A:$B,2,0),"-"),ROUND(IFERROR(VLOOKUP(AG100,Довідник_мінералів!$A:$B,2,0),0)*AH100/100+IFERROR(VLOOKUP(AI100,Довідник_мінералів!$A:$B,2,0),0)*AJ100/100,0))) | AQ100: =IF(AL100="","",IF(AN100="",IFERROR(VLOOKUP(AM100,Довідник_мінералів!$A:$B,2,0),"-"),ROUND(IFERROR(VLOOKUP(AM100,Довідник_мінералів!$A:$B,2,0),0)*AN100/100+IFERROR(VLOOKUP(AO100,Довідник_мінералів!$A:$B,2,0),0)*AP100/100,0))) | AU100: =IF(AR100="","",IFERROR(VLOOKUP(AS100,Довідник_мінералів!$A:$B,2,0),"-")) | AY100: =IF(AV100="","",IFERROR(VLOOKUP(AW100,Довідник_мінералів!$A:$B,2,0),"-")) | BB100: =IF(SE100="","",IFERROR(VLOOKUP(BA100,Довідник_мінералів!$A:$B,2,0),"-"))
...

Sheet Довідник_мінералів
A1: ⚗️ Довідник форм мінералів та їх біодоступності
A2: Форма мінералу | B2: Засвоєння % | C2: Категорія | D2: Примітка
A3: оксид цинку | B3: 15 | C3: Оксид | D3: ZnO — низька біодоступність
A4: оксид міді | B4: 15 | C4: Оксид | D4: CuO — майже не засвоюється
A5: оксид марганцю | B5: 15 | C5: Оксид | D5: MnO — низька біодоступність
A6: оксид заліза | B6: 10 | C6: Оксид | D6: Fe2O3 — мінімальне засвоєння
A7: сульфат цинку | B7: 35 | C7: Сульфат | D7: ZnSO4 — помірне засвоєння
A8: сульфат міді | B8: 35 | C8: Сульфат | D8: CuSO4 — помірне засвоєння
A9: сульфат марганцю | B9: 35 | C9: Сульфат | D9: MnSO4 — помірне засвоєння
A10: сульфат заліза | B10: 30 | C10: Сульфат | D10: FeSO4 — помірне засвоєння
A11: сульфат заліза (II) | B11: 30 | C11: Сульфат | D11: FeSO4·7H2O
A12: карбонат кальцію | B12: 35 | C12: Карбонат | D12: CaCO3 — залежить від pH
A13: карбонат цинку | B13: 30 | C13: Карбонат | D13: ZnCO3
A14: хелат цинку | B14: 80 | C14: Хелат | D14: Zinc chelate — висока біодоступність
... A37: залізо хелат гліцину | B37: 78 | C37: Хелат | D37: Ferrous chelate of glycine hydrate

Sheet Інструкція
A1: 🗂️ ІНСТРУКЦІЯ З ЗАПОВНЕННЯ БАЗИ КОРМІВ
A3: 📋 АРКУШ «База кормів»
A4: Кожен рядок = один корм. Заповнюй по черзі, бренд за брендом.
A6: ОСНОВНА ІНФОРМАЦІЯ (колонки A-I):
A7: • ID — унікальний код: rc_gi_wet_cat, farmina_nd_prime_cat тощо
A8: • Тип — 'сухий' або 'вологий'
A9: • Для кого — 'кіт', 'собака' або 'обоє'
A10: • Призначення — 'здоровий', 'ШКТ', 'нирки', 'вага', 'алергія', 'МКХ', 'панкреатит'
A12: АНАЛІТИЧНИЙ СКЛАД (колонки J-N):
A13: • Вводь значення AS FED — як вказано на упаковці або сайті
A14: • Колонки O-R (DM) розраховуються АВТОМАТИЧНО за формулою: % as fed ÷ (1 - вологість%/100)
A16: ІНГРЕДІЄНТИ (колонки S-V):
... A35: • Джерело (URL) — обов'язково для кожного корму
